-- MySQL dump 10.13  Distrib 5.1.52, for Win32 (ia32)
--
-- Host: localhost    Database: Blackjack_Duch
-- ------------------------------------------------------
-- Server version	5.1.52-community

/*!40101 SET @OLD_CHARACTER_SET_CLIENT=@@CHARACTER_SET_CLIENT */;
/*!40101 SET @OLD_CHARACTER_SET_RESULTS=@@CHARACTER_SET_RESULTS */;
/*!40101 SET @OLD_COLLATION_CONNECTION=@@COLLATION_CONNECTION */;
/*!40101 SET NAMES utf8 */;
/*!40103 SET @OLD_TIME_ZONE=@@TIME_ZONE */;
/*!40103 SET TIME_ZONE='+00:00' */;
/*!40014 SET @OLD_UNIQUE_CHECKS=@@UNIQUE_CHECKS, UNIQUE_CHECKS=0 */;
/*!40014 SET @OLD_FOREIGN_KEY_CHECKS=@@FOREIGN_KEY_CHECKS, FOREIGN_KEY_CHECKS=0 */;
/*!40101 SET @OLD_SQL_MODE=@@SQL_MODE, SQL_MODE='NO_AUTO_VALUE_ON_ZERO' */;
/*!40111 SET @OLD_SQL_NOTES=@@SQL_NOTES, SQL_NOTES=0 */;

--
-- Table structure for table `accounts_master`
--

DROP TABLE IF EXISTS `accounts_master`;
/*!40101 SET @saved_cs_client     = @@character_set_client */;
/*!40101 SET character_set_client = utf8 */;
CREATE TABLE `accounts_master` (
  `ACCOUNT_NUMBER` bigint(20) NOT NULL,
  `TOTAL_POINTS` bigint(20) NOT NULL,
  `CASH_BALANCE` decimal(8,2) NOT NULL,
  `WIN_BALANCE` decimal(8,2) NOT NULL,
  `ACCOUNT_STATUS` tinyint(4) NOT NULL,
  `ROOMID` tinyint(4) DEFAULT '-1',
  `TOTAL_BOOK` tinyint(4) DEFAULT '0',
  PRIMARY KEY (`ACCOUNT_NUMBER`)
) ENGINE=InnoDB DEFAULT CHARSET=latin1;
/*!40101 SET character_set_client = @saved_cs_client */;

--
-- Dumping data for table `accounts_master`
--

LOCK TABLES `accounts_master` WRITE;
/*!40000 ALTER TABLE `accounts_master` DISABLE KEYS */;
INSERT INTO `accounts_master` VALUES (1,2,'1000.00','100.00',0,-1,0),(6,2,'1000.00','100.00',0,-1,0),(7,2,'1000.00','100.00',0,-1,0),(8,2,'1000.00','100.00',0,-1,0),(9,2,'1000.00','100.00',0,-1,0),(10,2,'1000.00','100.00',0,-1,0),(11,2,'1000.00','100.00',0,-1,0),(12,2,'1000.00','100.00',0,-1,0),(13,2,'1000.00','100.00',0,-1,0),(14,2,'1000.00','100.00',0,-1,0),(15,2,'1000.00','100.00',0,-1,0),(16,2,'1000.00','100.00',0,-1,0),(17,2,'1000.00','100.00',0,-1,0),(18,2,'1000.00','100.00',0,-1,0),(19,2,'1000.00','100.00',0,-1,0),(20,2,'1000.00','100.00',0,-1,0),(21,2,'1000.00','100.00',0,-1,0),(22,2,'1000.00','100.00',0,-1,0),(23,2,'1000.00','100.00',0,-1,0),(24,2,'1000.00','100.00',0,-1,0),(25,2,'1000.00','100.00',0,-1,0),(26,2,'1000.00','100.00',0,-1,0),(27,2,'1000.00','100.00',0,-1,0),(28,2,'1000.00','100.00',0,-1,0),(29,2,'1000.00','100.00',0,-1,0),(30,2,'1000.00','100.00',0,-1,0),(31,2,'1000.00','100.00',0,-1,0),(32,2,'1000.00','100.00',0,-1,0),(33,2,'1000.00','100.00',0,-1,0),(34,2,'1000.00','100.00',0,-1,0),(35,2,'1000.00','100.00',0,-1,0),(36,2,'1000.00','100.00',0,-1,0),(37,2,'1000.00','100.00',0,-1,0),(38,2,'1000.00','100.00',0,-1,0),(39,2,'1000.00','100.00',0,-1,0),(40,2,'1000.00','100.00',0,-1,0),(41,2,'1000.00','100.00',0,-1,0),(42,2,'1000.00','100.00',0,-1,0),(43,2,'1000.00','100.00',0,-1,0),(44,2,'1000.00','100.00',0,-1,0),(45,2,'1000.00','100.00',0,-1,0),(46,2,'1000.00','100.00',0,-1,0),(47,2,'1000.00','100.00',0,-1,0),(48,2,'1000.00','100.00',0,-1,0),(49,2,'1000.00','100.00',0,-1,0),(50,2,'1000.00','100.00',0,-1,0),(51,2,'1000.00','100.00',0,-1,0),(52,2,'1000.00','100.00',0,-1,0),(53,2,'1000.00','100.00',0,-1,0),(54,2,'1000.00','100.00',0,-1,0),(55,2,'1000.00','100.00',0,-1,0),(56,2,'1000.00','100.00',0,-1,0),(57,2,'1000.00','100.00',0,-1,0),(58,2,'1000.00','100.00',0,-1,0),(59,50,'1000.00','0.00',1,-1,0),(60,50,'0.00','0.00',1,-1,0),(62,50,'1000.00','0.00',1,-1,0),(63,50,'1000.00','0.00',1,-1,0),(64,50,'1000.00','0.00',1,-1,0),(65,50,'1000.00','100.00',1,-1,0),(66,50,'1000.00','100.00',1,-1,0),(1540,50,'1000.00','10.00',1,-1,0);
/*!40000 ALTER TABLE `accounts_master` ENABLE KEYS */;
UNLOCK TABLES;

--
-- Table structure for table `blackjack_eachuserinfo`
--

DROP TABLE IF EXISTS `blackjack_eachuserinfo`;
/*!40101 SET @saved_cs_client     = @@character_set_client */;
/*!40101 SET character_set_client = utf8 */;
CREATE TABLE `blackjack_eachuserinfo` (
  `USER_NAME` varchar(32) DEFAULT NULL,
  `GAME_ID` bigint(20) DEFAULT NULL,
  `BET_AMOUNT` varchar(10) DEFAULT NULL,
  `CARDS` text,
  `WON` varchar(10) DEFAULT NULL,
  `TOTAL_WIN` varchar(10) DEFAULT NULL
) ENGINE=InnoDB DEFAULT CHARSET=latin1;
/*!40101 SET character_set_client = @saved_cs_client */;

--
-- Dumping data for table `blackjack_eachuserinfo`
--

LOCK TABLES `blackjack_eachuserinfo` WRITE;
/*!40000 ALTER TABLE `blackjack_eachuserinfo` DISABLE KEYS */;
INSERT INTO `blackjack_eachuserinfo` VALUES ('vip3',8,'1.0','254-140-178','no','0.0'),('vip3',9,'1.0','333-67-69-276','no','0.0'),('vip3',10,'1.0','148-184-112-358','no','0.0'),('vip3',11,'1.0','144-32-8-128','no','0.0'),('vip3',12,'1.0','8-272-141','no','0.0'),('vip3',13,'1.0','176-294-260','no','0.0'),('vip3',14,'1.0','77-204-190','no','0.0'),('vip3',15,'1.0','117-208','WIN','1.0'),('vip3',16,'1.0','227-112-291','WIN','1.0'),('vip3',17,'1.0','297-340-219','no','0.0'),('vip3',18,'1.0','54-160-276-126','WIN','2.0'),('vip3',19,'1.0','51-146-247','LOSE','0.0'),('vip3',20,'1.0','327-168','LOSE','0.0'),('vip2',20,'1.0','14-58-48-210','LOSE','0.0'),('vip2',21,'1.0','66-175-101','LOSE','0.0'),('vip2',22,'1.0','287-167','no','0.0'),('vip2',23,'1.0','219-228-79','WIN','2.0'),('vip2',24,'1.0','231-148-64','LOSE','0.0'),('vip3',25,'1.0','397-336-407','no','0.0'),('vip3',26,'1.0','360-199-318','DRAW','1.0'),('vip3',27,'1.0','186-62-312','LOSE','0.0'),('vip3',28,'1.0','63-409-65','LOSE','0.0'),('vip3',29,'5.0','42-414-349','LOSE','0.0'),('vip3',30,'1.0','239-259-139','LOSE','0.0'),('vip3',31,'1.0','289-306-237-106-243','LOSE','0.0'),('vip3',32,'1.0','10-330-263','WIN','2.0'),('vip3',33,'1.0','52-346','LOSE','0.0'),('vip2',33,'1.0','301-109-164-352','LOSE','0.0'),('vip1',33,'1.0','173-296-317','LOSE','0.0'),('vip3',34,'1.0','365-61','DRAW','1.0'),('vip2',34,'1.0','103-401','DRAW','1.0'),('vip1',34,'1.0','332-155-198','DRAW','1.0'),('vip3',35,'1.0','140-409-271','LOSE','0.0'),('vip2',35,'1.0','381-72-79-84','WIN','2.0'),('vip1',35,'1.0','412-170-360','WIN','2.0'),('vip1',36,'1.0','367-51-137','WIN','2.0'),('vip1',37,'1.0','28-356-50-362','LOSE','0.0'),('vip1',38,'1.0','246-356-318','no','0.0'),('vip1',39,'1.0','330-280-125','WIN','2.0'),('vip1',40,'1.0','272-240-73','LOSE','0.0'),('vip1',41,'1.0','167-22','WIN','2.0'),('vip1',42,'1.0','396-261-3','WIN','2.0'),('vip1',43,'1.0','182-389','LOSE','0.0'),('vip3',44,'1.0','372-254-379-97','LOSE','0.0'),('vip2',44,'1.0','385-367-241','WIN','2.0'),('vip1',44,'1.0','353-326-161','WIN','2.0'),('vip3',45,'1.0','184-120-112-177','no','0.0'),('vip2',45,'1.0','76-268','DRAW','1.0'),('vip1',45,'1.0','272-221','WIN','2.0'),('vip3',46,'1.0','384-264-151','WIN','2.0'),('vip2',46,'1.0','186-308-247','LOSE','0.0'),('vip1',46,'1.0','132-8-66','no','0.0'),('vip3',47,'1.0','11-334','WIN','2.0'),('vip3',48,'1.0','72-376','WIN','2.0'),('vip2',48,'1.0','408-171-194-69','no','0.0'),('vip1',48,'1.0','112-325-203','LOSE','0.0'),('vip3',49,'1.0','151-267-65','LOSE','0.0'),('vip2',49,'1.0','366-142-161','LOSE','0.0'),('vip1',49,'1.0','243-368-228','WIN','2.0'),('vip3',50,'1.0','353-31-62-320','LOSE','0.0'),('vip1',50,'1.0','279-255-261-122','WIN','2.0'),('vip3',51,'1.0','259-80-377','LOSE','0.0'),('vip2',51,'1.0','90-29-96','WIN','2.0'),('vip1',51,'1.0','62-409-95','WIN','2.0'),('vip2',52,'1.0','308-78','WIN','2.0'),('vip2',53,'1.0','205-147','LOSE','0.0'),('vip3',54,'1.0','355-135-343-58','WIN','2.0'),('vip2',54,'1.0','109-117-390','LOSE','0.0'),('vip1',54,'1.0','134-185-94-163','WIN','2.0'),('vip2',55,'1.0','21-137','LOSE','0.0'),('vip1',55,'1.0','18-230','LOSE','0.0'),('vip3',56,'1.0','156-197-199-292','LOSE','0.0'),('vip2',56,'1.0','263-385-41-43-402','LOSE','0.0'),('vip1',56,'1.0','59-80-60','WIN','2.0'),('vip3',57,'1.0','298-327-113','no','0.0'),('vip2',57,'1.0','240-372-8','LOSE','0.0'),('vip1',57,'1.0','69-9-352','LOSE','0.0'),('vip3',58,'1.0','180-128','DRAW','1.0'),('vip2',58,'1.0','48-123','LOSE','0.0'),('vip3',59,'1.0','383-360','WIN','2.0'),('vip2',59,'1.0','16-399','WIN','2.0'),('vip3',60,'1.0','35-73-192','LOSE','0.0'),('vip2',60,'1.0','143-227','WIN','2.0'),('vip2',61,'1.0','149-369','LOSE','0.0'),('vip1',61,'1.0','103-41','LOSE','0.0'),('vip3',62,'1.0','413-53','no','0.0'),('vip2',62,'1.0','44-236-17','WIN','2.0'),('vip3',63,'1.0','','WIN','2.0'),('vip2',63,'1.0','235-415-179','no','0.0'),('vip3',64,'1.0','40-211','WIN','2.0'),('vip2',64,'1.0','124-268','WIN','2.0'),('vip1',64,'1.0','175-231','WIN','2.0'),('vip3',65,'1.0','402-238','LOSE','0.0'),('vip2',65,'1.0','17-68','LOSE','0.0'),('vip1',65,'1.0','189-152','LOSE','0.0'),('dwij2',68,'1.0','59-141','LOSE','0.0');
/*!40000 ALTER TABLE `blackjack_eachuserinfo` ENABLE KEYS */;
UNLOCK TABLES;

--
-- Table structure for table `blackjack_game_records`
--

DROP TABLE IF EXISTS `blackjack_game_records`;
/*!40101 SET @saved_cs_client     = @@character_set_client */;
/*!40101 SET character_set_client = utf8 */;
CREATE TABLE `blackjack_game_records` (
  `GAME_ID` bigint(32) NOT NULL AUTO_INCREMENT,
  `START_TIME` text,
  `ROOM_ID` int(11) DEFAULT NULL,
  `TOTAL_PLAYERS` int(11) DEFAULT NULL,
  `TOTAL_STAKE` decimal(8,2) DEFAULT NULL,
  `USERS_INFO` text,
  `SYSTEM_CARDS` text,
  PRIMARY KEY (`GAME_ID`)
) ENGINE=InnoDB AUTO_INCREMENT=69 DEFAULT CHARSET=latin1;
/*!40101 SET character_set_client = @saved_cs_client */;

--
-- Dumping data for table `blackjack_game_records`
--

LOCK TABLES `blackjack_game_records` WRITE;
/*!40000 ALTER TABLE `blackjack_game_records` DISABLE KEYS */;
INSERT INTO `blackjack_game_records` VALUES (68,'2012-02-29 17:42:32',1,1,'1.00','dwij2,59-141','57-225-77');
/*!40000 ALTER TABLE `blackjack_game_records` ENABLE KEYS */;
UNLOCK TABLES;

--
-- Table structure for table `ip_blacklist_table`
--

DROP TABLE IF EXISTS `ip_blacklist_table`;
/*!40101 SET @saved_cs_client     = @@character_set_client */;
/*!40101 SET character_set_client = utf8 */;
CREATE TABLE `ip_blacklist_table` (
  `ID` bigint(20) NOT NULL AUTO_INCREMENT,
  `IP` varchar(32) NOT NULL,
  `BLACKLIST_UNTILL` datetime DEFAULT '0000-00-00 00:00:00',
  `DT` datetime DEFAULT NULL,
  `REASON` text,
  PRIMARY KEY (`ID`)
) ENGINE=MyISAM AUTO_INCREMENT=5 DEFAULT CHARSET=latin1;
/*!40101 SET character_set_client = @saved_cs_client */;

--
-- Dumping data for table `ip_blacklist_table`
--

LOCK TABLES `ip_blacklist_table` WRITE;
/*!40000 ALTER TABLE `ip_blacklist_table` DISABLE KEYS */;
INSERT INTO `ip_blacklist_table` VALUES (2,'186.90.108.1','2001-00-00 00:00:00',NULL,'');
/*!40000 ALTER TABLE `ip_blacklist_table` ENABLE KEYS */;
UNLOCK TABLES;

--
-- Table structure for table `ip_list`
--

DROP TABLE IF EXISTS `ip_list`;
/*!40101 SET @saved_cs_client     = @@character_set_client */;
/*!40101 SET character_set_client = utf8 */;
CREATE TABLE `ip_list` (
  `ID` int(11) NOT NULL AUTO_INCREMENT,
  `IPADDR` varchar(20) DEFAULT NULL,
  `BANNED` varchar(20) DEFAULT NULL,
  `BANNEDDT` varchar(20) DEFAULT NULL,
  `FEE1` varchar(20) DEFAULT NULL,
  `FEE1ID` varchar(20) DEFAULT NULL,
  `FEE2` varchar(20) DEFAULT NULL,
  `FEE1DT` varchar(20) DEFAULT NULL,
  `FEE2DT` varchar(20) DEFAULT NULL,
  `FEE2ID` varchar(20) DEFAULT NULL,
  `REASON` varchar(1024) DEFAULT NULL,
  PRIMARY KEY (`ID`)
) ENGINE=MyISAM AUTO_INCREMENT=19 DEFAULT CHARSET=latin1;
/*!40101 SET character_set_client = @saved_cs_client */;

--
-- Dumping data for table `ip_list`
--

LOCK TABLES `ip_list` WRITE;
/*!40000 ALTER TABLE `ip_list` DISABLE KEYS */;
INSERT INTO `ip_list` VALUES (1,'145.53.64.194','0',NULL,NULL,NULL,NULL,NULL,NULL,NULL,NULL),(2,'87.215.197.197','0',NULL,NULL,NULL,NULL,NULL,NULL,NULL,NULL),(3,'81.36.194.176','0',NULL,NULL,NULL,NULL,NULL,NULL,NULL,NULL),(4,'89.141.117.47','0',NULL,NULL,NULL,NULL,NULL,NULL,NULL,NULL),(5,'178.139.25.9','0',NULL,NULL,NULL,NULL,NULL,NULL,NULL,NULL),(6,'212.106.251.176','0',NULL,NULL,NULL,NULL,NULL,NULL,NULL,NULL),(7,'87.223.103.36','0',NULL,NULL,NULL,NULL,NULL,NULL,NULL,NULL),(8,'87.220.51.93','0',NULL,NULL,NULL,NULL,NULL,NULL,NULL,NULL),(9,'82.159.228.132','0',NULL,NULL,NULL,NULL,NULL,NULL,NULL,NULL),(10,'190.45.13.39','0',NULL,NULL,NULL,NULL,NULL,NULL,NULL,NULL),(11,'81.38.97.168','0',NULL,NULL,NULL,NULL,NULL,NULL,NULL,NULL),(12,'186.24.17.1','0',NULL,NULL,NULL,NULL,NULL,NULL,NULL,NULL),(13,'87.223.70.73','0',NULL,NULL,NULL,NULL,NULL,NULL,NULL,NULL),(14,'88.29.87.240','0',NULL,NULL,NULL,NULL,NULL,NULL,NULL,NULL),(15,'83.40.142.233','0',NULL,NULL,NULL,NULL,NULL,NULL,NULL,NULL),(16,'186.90.108.1','0',NULL,NULL,NULL,NULL,NULL,NULL,NULL,NULL),(17,'217.123.111.104','0',NULL,NULL,NULL,NULL,NULL,NULL,NULL,NULL),(18,'95.134.152.200','0',NULL,NULL,NULL,NULL,NULL,NULL,NULL,NULL);
/*!40000 ALTER TABLE `ip_list` ENABLE KEYS */;
UNLOCK TABLES;

--
-- Table structure for table `ip_whitelist_table`
--

DROP TABLE IF EXISTS `ip_whitelist_table`;
/*!40101 SET @saved_cs_client     = @@character_set_client */;
/*!40101 SET character_set_client = utf8 */;
CREATE TABLE `ip_whitelist_table` (
  `ID` bigint(20) NOT NULL AUTO_INCREMENT,
  `WHITELIST_IP` varchar(32) NOT NULL,
  `DT` datetime DEFAULT NULL,
  `REASON` text,
  PRIMARY KEY (`ID`)
) ENGINE=MyISAM DEFAULT CHARSET=latin1;
/*!40101 SET character_set_client = @saved_cs_client */;

--
-- Dumping data for table `ip_whitelist_table`
--

LOCK TABLES `ip_whitelist_table` WRITE;
/*!40000 ALTER TABLE `ip_whitelist_table` DISABLE KEYS */;
/*!40000 ALTER TABLE `ip_whitelist_table` ENABLE KEYS */;
UNLOCK TABLES;

--
-- Table structure for table `money_transaction_info`
--

DROP TABLE IF EXISTS `money_transaction_info`;
/*!40101 SET @saved_cs_client     = @@character_set_client */;
/*!40101 SET character_set_client = utf8 */;
CREATE TABLE `money_transaction_info` (
  `TransactionID` bigint(50) NOT NULL AUTO_INCREMENT,
  `AccountID` bigint(20) DEFAULT NULL,
  `Type` varchar(10) DEFAULT NULL,
  `Date` datetime DEFAULT NULL,
  `Cash_Balance` decimal(8,2) DEFAULT NULL,
  `Win_Balance` decimal(8,2) DEFAULT NULL,
  `Status` tinyint(4) DEFAULT NULL,
  PRIMARY KEY (`TransactionID`)
) ENGINE=InnoDB AUTO_INCREMENT=534 DEFAULT CHARSET=latin1;
/*!40101 SET character_set_client = @saved_cs_client */;

--
-- Dumping data for table `money_transaction_info`
--

LOCK TABLES `money_transaction_info` WRITE;
/*!40000 ALTER TABLE `money_transaction_info` DISABLE KEYS */;
INSERT INTO `money_transaction_info` VALUES (1,59,'out','2011-06-09 00:00:00','1000.00','0.00',1),(2,59,'out','2011-06-09 02:57:08','1000.00','0.00',1),(3,59,'in','2011-06-09 03:14:42','0.00','10000.00',1),(4,59,'out','2011-06-09 03:15:54','1000.00','0.00',1),(5,59,'out','2011-06-09 03:17:48','0.00','0.00',1),(6,60,'out','2011-06-09 03:19:03','945.00','0.00',1),(7,60,'out','2011-06-10 01:50:18','0.00','100.00',1),(8,61,'out','2011-06-10 02:17:18','1000.00','100.00',1),(9,60,'out','2011-06-10 02:20:47','0.00','0.00',1),(10,62,'out','2011-06-10 02:20:48','1000.00','100.00',1),(11,62,'out','2011-06-10 02:36:43','0.00','0.00',1),(12,62,'out','2011-06-10 02:39:33','0.00','0.00',1),(13,62,'out','2011-06-10 02:40:58','0.00','0.00',1),(14,60,'out','2011-06-10 02:41:00','0.00','0.00',1),(15,59,'out','2011-06-10 04:43:40','0.00','100.00',1),(16,60,'out','2011-06-10 04:44:50','0.00','0.00',1),(17,60,'out','2011-06-10 05:00:37','0.00','0.00',1),(18,60,'out','2011-06-10 05:00:54','0.00','0.00',1),(19,60,'out','2011-06-10 05:01:20','0.00','0.00',1),(20,60,'out','2011-06-10 05:01:28','0.00','0.00',1),(21,60,'out','2011-06-10 05:01:30','0.00','0.00',1),(22,60,'out','2011-06-10 05:01:33','0.00','0.00',1),(23,60,'out','2011-06-10 05:01:35','0.00','0.00',1),(24,60,'out','2011-06-10 05:01:37','0.00','0.00',1),(25,60,'out','2011-06-10 05:01:39','0.00','0.00',1),(26,60,'out','2011-06-10 05:02:23','0.00','0.00',1),(27,61,'out','2011-06-10 05:03:00','0.00','99.70',1),(28,60,'out','2011-06-10 05:04:09','0.00','98.90',1),(29,60,'out','2011-06-10 05:04:34','0.00','0.00',1),(30,61,'out','2011-06-10 05:11:46','0.00','0.00',1),(31,60,'out','2011-06-10 05:15:22','0.00','1.10',1),(32,61,'out','2011-06-10 05:47:12','0.00','0.00',1),(33,61,'out','2011-06-10 05:48:07','0.00','0.00',1),(34,61,'out','2011-06-10 06:26:51','0.00','0.00',1),(35,61,'out','2011-06-10 06:38:16','0.00','115.79',1),(36,60,'out','2011-06-10 06:38:18','0.00','83.12',1),(37,61,'out','2011-06-10 06:39:22','0.00','0.00',1),(38,64,'out','2011-06-10 06:43:06','1000.00','100.00',1),(39,60,'out','2011-06-10 06:44:12','0.00','77.68',1),(40,63,'out','2011-06-10 06:44:14','1000.00','121.23',1),(41,64,'out','2011-06-10 06:46:32','0.00','0.00',1),(42,64,'out','2011-06-10 06:54:00','0.00','100.00',1),(43,64,'out','2011-06-10 06:54:06','0.00','0.00',1),(44,64,'out','2011-06-10 06:56:15','0.00','100.00',1),(45,64,'out','2011-06-10 07:04:17','45.00','55.00',1),(46,61,'out','2011-06-13 04:00:07','100.00','100.00',1),(47,61,'out','2011-06-13 04:02:11','0.00','0.00',1),(48,61,'out','2011-06-13 04:02:53','0.00','0.00',1),(49,61,'out','2011-06-13 04:06:42','945.00','0.00',1),(50,61,'out','2011-06-13 04:07:14','0.00','16.50',1),(51,61,'out','2011-06-13 04:07:46','0.00','38.50',1),(52,61,'out','2011-06-13 04:12:56','0.00','0.00',1),(53,1540,'out','2011-06-13 04:27:57','0.00','0.00',0),(54,1540,'out','2011-06-13 04:31:55','989.00','0.00',0),(55,1540,'out','2011-06-13 04:32:10','0.00','3.30',0),(56,1540,'out','2011-06-13 04:32:31','0.00','7.70',0),(57,1540,'out','2011-06-13 04:34:17','0.00','0.00',0),(58,1540,'out','2011-06-13 04:34:34','0.00','0.00',0),(59,1540,'out','2011-06-13 04:36:37','989.00','3.30',0),(60,1540,'out','2011-06-13 04:36:54','0.00','7.70',0),(61,1540,'out','2011-06-13 04:40:37','0.00','0.00',0),(62,1540,'out','2011-06-13 04:43:15','0.00','0.00',0),(63,1540,'out','2011-06-13 04:43:56','945.00','0.00',0),(64,1540,'out','2011-06-13 04:44:13','0.00','0.00',0),(65,1540,'out','2011-06-13 04:44:59','0.00','16.50',0),(66,1540,'out','2011-06-13 04:45:18','0.00','38.50',0),(67,1540,'in','2011-06-13 04:46:19','0.00','10000.00',0),(68,1540,'out','2011-06-13 04:47:51','23.00','77.00',0),(69,0,'out','2011-06-13 04:48:20','0.00','0.00',98),(70,0,'out','2011-06-13 04:50:57','0.00','0.00',98),(71,1540,'out','2011-06-13 05:11:13','945.00','0.00',0),(72,1540,'out','2011-06-13 05:11:42','0.00','0.00',0),(73,1540,'out','2011-06-13 05:11:50','0.00','16.50',0),(74,1540,'out','2011-06-13 05:12:14','0.00','38.50',0),(75,1540,'out','2011-06-13 05:13:37','0.00','0.00',0),(76,63,'out','2011-06-13 05:23:39','1000.00','100.00',1),(77,63,'out','2011-06-13 05:59:05','0.00','0.00',1),(78,63,'out','2011-06-13 06:14:05','0.00','0.00',1),(79,63,'out','2011-06-13 06:17:48','0.00','0.00',1),(80,60,'out','2011-06-13 06:43:06','1000.00','89.00',1),(81,60,'out','2011-06-13 06:43:40','0.00','3.30',1),(82,60,'out','2011-06-13 06:43:54','0.00','7.70',1),(83,62,'out','2011-06-13 06:44:45','1000.00','100.00',1),(84,62,'out','2011-06-13 06:45:51','0.00','0.00',1),(85,1540,'out','2011-06-23 15:45:47','0.00','0.00',0),(86,1540,'out','2011-06-23 16:03:12','0.00','0.00',0),(87,1540,'out','2011-06-23 16:04:07','0.00','0.00',0),(88,60,'out','2011-06-23 16:16:50','97.00','45.00',1),(89,62,'out','2011-06-23 16:16:54','94.00','45.00',1),(90,62,'out','2011-06-23 16:20:54','0.00','0.00',1),(91,62,'out','2011-06-23 16:21:16','0.00','0.00',1),(92,62,'out','2011-06-23 16:21:46','100.00','0.00',1),(93,62,'out','2011-06-23 16:23:33','0.00','0.00',1),(94,60,'out','2011-06-23 16:24:31','89.00','0.00',1),(95,60,'out','2011-06-23 16:26:16','0.00','0.00',1),(96,60,'out','2011-06-23 16:28:57','0.00','3.30',1),(97,60,'out','2011-06-23 16:29:47','0.00','7.70',1),(98,60,'out','2011-06-23 16:39:41','0.00','0.00',1),(99,60,'out','2011-06-23 16:48:54','89.00','11.00',1),(100,60,'out','2011-06-23 16:57:27','89.00','0.00',1),(101,60,'out','2011-06-23 17:01:14','0.00','3.30',1),(102,60,'out','2011-06-23 17:03:08','0.00','7.70',1),(103,60,'out','2011-06-23 17:40:42','89.00','0.00',1),(104,60,'out','2011-06-23 17:42:29','0.00','0.00',1),(105,60,'out','2011-06-23 17:42:41','0.00','3.30',1),(106,60,'out','2011-06-23 17:43:46','0.00','0.00',1),(107,60,'out','2011-06-23 17:44:29','0.00','0.00',1),(108,60,'out','2011-06-23 17:45:56','0.00','7.70',1),(109,60,'out','2011-06-23 17:51:36','0.00','0.00',1),(110,60,'out','2011-06-23 17:56:54','0.00','0.00',1),(111,60,'out','2011-06-23 17:57:10','0.00','0.00',1),(112,60,'out','2011-06-23 17:59:43','0.00','0.00',1),(113,60,'out','2011-06-23 18:00:50','0.00','0.00',1),(114,60,'out','2011-06-23 18:02:59','94.50','0.00',1),(115,60,'out','2011-06-23 18:05:19','0.00','0.00',1),(116,60,'out','2011-06-23 18:06:38','0.00','0.00',1),(117,60,'out','2011-06-23 18:07:21','0.00','1.65',1),(118,60,'out','2011-06-23 18:07:41','0.00','3.85',1),(119,60,'out','2011-06-23 18:08:24','0.00','0.00',1),(120,60,'out','2011-06-23 18:10:47','0.00','0.00',1),(121,60,'out','2011-06-23 18:11:44','0.00','0.00',1),(122,60,'out','2011-06-23 18:12:23','0.00','0.00',1),(123,60,'out','2011-06-23 18:12:49','0.00','0.00',1),(124,60,'out','2011-06-23 18:13:42','0.00','0.00',1),(125,60,'out','2011-06-23 18:15:21','94.50','0.00',1),(126,60,'out','2011-06-23 18:19:09','0.00','1.65',1),(127,60,'out','2011-06-23 18:20:44','0.00','3.85',1),(128,60,'out','2011-06-23 18:23:10','94.50','0.00',1),(129,60,'out','2011-06-23 18:26:47','0.00','1.65',1),(130,60,'out','2011-06-23 18:28:04','0.00','3.85',1),(131,60,'out','2011-06-24 10:30:10','100.00','0.00',1),(132,60,'out','2011-06-24 10:34:00','0.00','0.00',1),(133,60,'out','2011-06-24 10:37:27','0.00','0.00',1),(134,60,'out','2011-06-24 10:39:07','0.00','0.00',1),(135,60,'out','2011-06-24 10:41:20','0.00','0.00',1),(136,60,'out','2011-06-24 10:44:41','0.00','0.00',1),(137,60,'out','2011-06-24 10:46:53','0.00','0.00',1),(138,60,'out','2011-06-24 10:48:29','0.00','0.00',1),(139,60,'out','2011-06-24 10:50:52','0.00','0.00',1),(140,60,'out','2011-06-24 10:57:08','0.00','0.00',1),(141,60,'out','2011-06-24 11:09:08','0.00','0.00',1),(142,60,'out','2011-06-24 11:20:45','0.00','0.00',1),(143,60,'out','2011-06-24 11:21:45','0.00','0.00',1),(144,60,'out','2011-06-24 11:25:02','0.00','0.00',1),(145,60,'out','2011-06-24 11:28:28','0.00','0.00',1),(146,60,'out','2011-06-24 11:29:13','0.00','0.00',1),(147,60,'out','2011-06-24 11:31:23','0.00','0.00',1),(148,60,'out','2011-06-24 11:38:17','0.00','0.00',1),(149,60,'out','2011-06-24 11:40:37','0.00','0.00',1),(150,60,'out','2011-06-24 12:04:53','0.00','0.00',1),(151,60,'out','2011-06-24 12:08:29','0.00','0.00',1),(152,60,'out','2011-06-24 12:10:58','0.00','0.00',1),(153,60,'out','2011-06-24 12:14:31','0.00','0.00',1),(154,62,'out','2011-06-24 12:15:06','99.40','0.00',1),(155,62,'out','2011-06-24 13:53:26','0.00','0.00',1),(156,62,'out','2011-06-24 14:07:12','0.00','0.00',1),(157,60,'out','2011-06-24 14:07:13','97.00','90.00',1),(158,63,'out','2011-06-24 14:07:31','97.00','0.00',1),(159,60,'out','2011-07-09 18:57:40','0.00','0.00',1),(160,60,'out','2011-07-09 18:57:40','0.00','0.00',1),(161,60,'out','2011-07-09 19:27:06','94.00','0.00',1),(162,60,'out','2011-07-09 19:27:06','94.00','0.00',1),(163,60,'out','2011-07-12 15:24:48','0.00','0.00',1),(164,60,'out','2011-07-12 15:24:48','0.00','0.00',1),(165,60,'out','2011-07-12 15:45:57','89.00','0.00',1),(166,60,'out','2011-07-12 15:45:57','89.00','0.00',1),(167,60,'out','2011-07-12 15:46:21','0.00','0.00',1),(168,60,'out','2011-07-12 15:46:21','0.00','0.00',1),(169,60,'out','2011-07-12 15:48:51','0.00','3.30',1),(170,60,'out','2011-07-12 15:49:36','0.00','7.70',1),(171,60,'out','2011-07-12 16:20:46','0.00','0.00',1),(172,60,'out','2011-07-12 16:20:46','0.00','0.00',1),(173,62,'out','2011-07-12 16:21:41','89.00','0.00',1),(174,62,'out','2011-07-12 16:21:41','89.00','0.00',1),(175,62,'out','2011-07-12 16:24:48','0.00','3.30',1),(176,62,'out','2011-07-12 16:27:28','0.00','7.72',1),(177,62,'out','2011-07-12 16:37:14','0.00','0.00',1),(178,62,'out','2011-07-12 16:37:14','0.00','0.00',1),(179,62,'out','2011-07-12 16:37:39','0.00','0.00',1),(180,62,'out','2011-07-12 16:37:39','0.00','0.00',1),(181,62,'out','2011-07-12 16:51:03','0.00','0.00',1),(182,62,'out','2011-07-12 16:51:03','0.00','0.00',1),(183,62,'out','2011-07-12 16:58:58','0.00','0.00',1),(184,62,'out','2011-07-12 16:58:58','0.00','0.00',1),(185,62,'out','2011-07-12 16:59:15','0.00','0.00',1),(186,62,'out','2011-07-12 16:59:15','0.00','0.00',1),(187,62,'out','2011-07-12 17:16:36','0.00','0.00',1),(188,62,'out','2011-07-12 17:16:36','0.00','0.00',1),(189,62,'out','2011-07-12 17:17:45','89.00','0.00',1),(190,62,'out','2011-07-12 17:17:45','89.00','0.00',1),(191,62,'out','2011-07-12 17:21:08','0.00','3.30',1),(192,62,'out','2011-07-12 17:23:18','0.00','1007.70',1),(193,63,'out','2011-07-12 17:23:38','100.00','0.00',1),(194,63,'out','2011-07-12 17:23:38','100.00','0.00',1),(195,63,'out','2011-07-12 17:24:04','0.00','0.00',1),(196,63,'out','2011-07-12 17:24:04','0.00','0.00',1),(197,63,'out','2011-07-12 17:25:05','0.00','0.00',1),(198,63,'out','2011-07-12 17:25:05','0.00','0.00',1),(199,63,'out','2011-07-12 17:25:11','0.00','0.00',1),(200,63,'out','2011-07-12 17:25:11','0.00','0.00',1),(201,63,'out','2011-07-12 17:58:56','100.00','0.00',1),(202,63,'out','2011-07-12 17:58:56','100.00','0.00',1),(203,60,'out','2011-08-16 12:48:34','1000.00','0.00',1),(204,60,'out','2011-08-16 16:49:22','0.00','0.00',1),(205,60,'out','2011-08-16 17:13:41','0.00','0.00',1),(206,60,'out','2011-08-17 11:00:51','0.00','0.00',1),(207,62,'out','2011-08-17 11:01:23','1000.00','0.00',1),(208,62,'out','2011-08-17 11:02:37','0.00','0.00',1),(209,62,'out','2011-09-17 15:37:05','100.00','0.00',1),(210,62,'out','2011-09-17 15:37:58','0.00','0.00',1),(211,62,'out','2011-09-17 15:38:29','0.00','0.00',1),(212,62,'out','2011-09-17 15:39:21','0.00','0.00',1),(213,62,'out','2011-09-17 15:40:47','0.00','0.00',1),(214,62,'out','2011-09-17 15:42:27','67.00','0.00',1),(215,62,'out','2011-09-17 15:42:42','0.00','9.90',1),(216,62,'out','2011-09-17 15:43:05','0.00','23.10',1),(217,62,'out','2011-09-17 15:43:51','0.00','0.00',1),(218,63,'out','2011-09-17 16:09:46','1000.00','0.00',1),(219,62,'out','2011-09-17 16:09:47','989.00','3.30',1),(220,62,'out','2011-09-17 16:09:51','0.00','7.70',1),(221,63,'out','2011-09-17 16:27:25','0.00','0.00',1),(222,60,'out','2011-09-17 16:28:06','1000.00','0.00',1),(223,63,'out','2011-09-17 16:30:38','0.00','0.00',1),(224,63,'out','2011-09-17 16:37:12','0.00','0.00',1),(225,63,'out','2011-09-17 16:38:31','0.00','0.00',1),(226,63,'out','2011-09-17 16:40:15','0.00','0.00',1),(227,60,'out','2011-08-17 18:14:26','0.00','0.00',1),(228,60,'out','2011-08-17 18:15:19','0.00','0.00',1),(229,60,'out','2011-08-17 18:16:15','0.00','0.00',1),(230,60,'out','2011-08-17 18:19:27','0.00','0.00',1),(231,63,'out','2011-08-17 18:23:10','0.00','0.00',1),(232,63,'out','2011-08-17 18:26:54','0.00','0.00',1),(233,63,'out','2011-08-17 18:28:12','0.00','0.00',1),(234,63,'out','2011-08-17 18:30:04','0.00','0.00',1),(235,63,'out','2011-08-17 18:32:11','0.00','0.00',1),(236,60,'out','2011-08-17 18:37:17','0.00','0.00',1),(237,60,'out','2011-08-17 18:45:17','0.00','0.00',1),(238,60,'out','2011-08-17 18:57:45','0.00','0.00',1),(239,60,'out','2011-08-17 19:03:58','0.00','0.00',1),(240,60,'out','2011-08-17 19:05:04','0.00','0.00',1),(241,60,'out','2011-08-17 19:28:21','999.50','0.00',1),(242,60,'out','2011-08-18 10:43:19','0.00','0.00',1),(243,60,'out','2011-08-18 11:28:03','0.00','0.00',1),(244,60,'out','2011-08-18 11:31:19','994.50','5.50',1),(245,62,'out','2011-08-18 11:31:26','1000.00','0.00',1),(246,62,'out','2011-08-18 12:04:37','1000.00','0.00',1),(247,62,'out','2011-08-18 12:04:57','0.00','0.00',1),(248,62,'out','2011-08-18 12:10:21','989.00','3.30',1),(249,62,'out','2011-08-18 12:11:24','0.00','7.70',1),(250,62,'out','2011-08-18 12:18:48','989.00','11.00',1),(251,62,'out','2011-08-18 12:23:26','1000.00','0.00',1),(252,62,'out','2011-08-18 12:24:50','0.00','0.00',1),(253,62,'out','2011-08-18 12:26:49','989.00','11.00',1),(254,62,'out','2011-08-18 13:26:11','0.00','0.00',1),(255,62,'out','2011-08-18 14:02:50','988.70','0.00',1),(256,62,'out','2011-08-18 14:04:48','0.00','3.30',1),(257,62,'out','2011-08-18 14:04:55','0.00','1007.70',1),(258,60,'out','2011-08-18 17:25:25','994.50','0.00',1),(259,60,'out','2011-08-18 17:31:43','0.00','1.65',1),(260,60,'out','2011-08-18 17:32:23','0.00','3.85',1),(261,60,'out','2011-08-18 17:54:39','0.00','0.00',1),(262,60,'out','2011-08-18 17:56:42','0.00','0.00',1),(263,60,'out','2011-08-18 17:58:23','994.50','0.00',1),(264,60,'out','2011-08-18 18:02:27','0.00','1.65',1),(265,60,'out','2011-08-18 18:03:32','0.00','3.85',1),(266,60,'out','2011-08-18 18:18:35','994.50','0.00',1),(267,60,'out','2011-08-18 18:21:13','989.00','11.00',1),(268,60,'out','2011-08-19 10:58:41','1000.00','0.00',1),(269,1540,'out','2011-08-19 10:59:07','1000.00','0.00',0),(270,1540,'out','2011-08-19 10:59:51','0.00','0.00',0),(271,1540,'in','2011-08-19 11:01:30','0.00','0.00',1),(272,1540,'in','2011-08-19 11:01:41','0.00','0.00',1),(273,1540,'in','2011-08-19 11:02:04','0.00','0.00',1),(274,1540,'in','2011-08-19 11:03:00','0.00','10.00',1),(275,1540,'in','2011-08-19 11:03:08','0.00','10.00',1),(276,1540,'in','2011-08-19 11:03:09','0.00','10.00',1),(277,1540,'in','2011-08-19 11:03:11','0.00','10.00',1),(278,1540,'in','2011-08-19 11:03:22','0.00','2.00',1),(279,1540,'out','2011-08-19 11:03:38','0.00','0.00',0),(280,1540,'in','2011-08-19 11:12:53','0.00','0.00',0),(281,1540,'in','2011-08-19 11:13:49','0.00','0.70',0),(282,1540,'in','2011-08-19 11:13:59','0.00','0.00',0),(283,1540,'out','2011-08-19 11:15:06','0.00','0.70',0),(284,1540,'in','2011-08-19 11:16:08','0.00','1.00',1),(285,1540,'out','2011-08-19 11:16:16','0.00','0.00',0),(286,63,'out','2011-08-22 14:32:50','1000.00','0.00',1),(287,63,'out','2011-08-22 14:34:37','0.00','0.00',1),(288,63,'out','2011-08-22 15:24:04','0.00','0.00',1),(289,63,'out','2011-08-22 15:28:26','0.00','0.00',1),(290,64,'out','2011-08-22 15:31:42','1000.00','0.00',1),(291,63,'out','2011-08-22 15:31:45','0.00','0.00',1),(292,64,'out','2011-08-22 15:33:20','0.00','0.00',1),(293,63,'out','2011-08-22 15:40:54','0.00','0.00',1),(294,64,'out','2011-08-22 15:42:41','0.00','0.00',1),(295,64,'out','2011-08-22 15:43:23','0.00','0.00',1),(296,64,'in','2011-08-22 15:49:26','0.00','120.00',1),(297,64,'out','2011-08-22 15:50:43','0.00','0.00',1),(298,63,'out','2011-08-22 15:51:05','0.00','0.00',1),(299,63,'out','2011-08-22 15:59:22','1000.00','0.00',1),(300,63,'out','2011-08-22 16:00:35','0.00','0.00',1),(301,63,'out','2011-08-22 16:04:45','0.00','0.00',1),(302,63,'out','2011-08-22 16:05:59','0.00','0.00',1),(303,63,'out','2011-08-22 16:09:00','0.00','0.00',1),(304,63,'out','2011-08-22 16:11:21','0.00','0.00',1),(305,64,'out','2011-08-22 16:13:32','994.50','0.00',1),(306,63,'out','2011-08-22 16:14:10','0.00','0.00',1),(307,63,'out','2011-08-22 16:22:30','0.00','0.00',1),(308,63,'out','2011-08-22 16:25:57','0.00','0.00',1),(309,63,'out','2011-08-22 16:27:00','0.00','0.00',1),(310,63,'out','2011-08-22 16:33:31','0.00','0.00',1),(311,63,'out','2011-08-22 16:36:45','0.00','0.00',1),(312,64,'out','2011-08-22 16:45:05','0.00','2000.01',1),(313,63,'out','2011-08-22 16:46:09','0.00','0.00',1),(314,64,'out','2011-08-22 16:49:52','0.00','1.65',1),(315,60,'out','2011-08-22 16:49:56','999.90','0.00',1),(316,64,'out','2011-08-22 16:50:42','0.00','1003.85',1),(317,62,'out','2011-08-22 16:55:26','994.50','0.00',1),(318,60,'out','2011-08-22 16:59:46','0.00','0.00',1),(319,63,'out','2011-08-22 17:01:24','0.00','0.00',1),(320,62,'out','2011-08-22 17:01:44','0.00','5.50',1),(321,60,'out','2011-08-22 17:01:44','0.00','0.00',1),(322,63,'out','2011-08-22 17:02:50','0.00','0.00',1),(323,64,'out','2011-08-22 17:03:43','0.00','0.00',1),(324,64,'out','2011-08-22 17:04:13','0.00','0.00',1),(325,64,'out','2011-08-22 17:04:54','0.00','0.00',1),(326,64,'out','2011-08-22 17:05:16','0.00','0.00',1),(327,64,'out','2011-08-22 17:05:48','0.00','0.00',1),(328,60,'out','2011-08-22 17:09:52','0.00','0.00',1),(329,60,'out','2011-08-22 17:48:48','994.50','0.00',1),(330,60,'out','2011-08-22 17:49:49','0.00','0.00',1),(331,60,'out','2011-08-22 17:50:06','0.00','0.00',1),(332,60,'out','2011-08-22 17:50:27','0.00','1.65',1),(333,60,'out','2011-08-22 17:51:32','0.00','1003.85',1),(334,63,'out','2011-08-22 17:53:55','999.90','0.00',1),(335,60,'out','2011-08-22 17:54:57','0.00','0.06',1),(336,60,'out','2011-08-22 17:56:57','0.00','0.14',1),(337,62,'out','2011-08-22 17:57:17','994.50','0.00',1),(338,64,'out','2011-08-22 17:58:26','999.90','0.00',1),(339,64,'out','2011-08-22 17:58:54','0.00','0.00',1),(340,62,'out','2011-08-22 17:59:16','0.00','1.65',1),(341,62,'out','2011-08-22 18:00:41','0.00','3.85',1),(342,60,'out','2011-08-22 18:03:05','994.50','0.00',1),(343,60,'out','2011-08-22 18:03:44','0.00','0.00',1),(344,63,'out','2011-08-22 18:05:33','999.90','0.00',1),(345,60,'out','2011-08-22 18:07:23','0.00','1.65',1),(346,60,'out','2011-08-22 18:08:03','0.00','1003.86',1),(347,63,'out','2011-08-22 18:10:16','0.00','0.06',1),(348,63,'out','2011-08-22 18:10:51','0.00','0.14',1),(349,63,'out','2011-08-22 18:47:15','0.00','0.00',1),(350,60,'out','2011-08-23 14:22:56','0.00','0.00',1),(351,60,'out','2011-08-23 14:47:54','0.00','0.00',1),(352,63,'out','2011-08-23 14:48:40','0.00','0.00',1),(353,63,'out','2011-08-23 14:50:09','0.00','0.00',1),(354,63,'out','2011-08-23 14:50:53','0.00','0.00',1),(355,63,'out','2011-08-23 15:46:00','0.00','1.65',1),(356,63,'out','2011-08-23 15:55:48','0.00','1.65',1),(357,63,'out','2011-08-23 15:56:24','0.00','3.85',1),(358,63,'out','2011-08-23 16:31:23','0.00','1.65',1),(359,63,'out','2011-08-23 16:31:26','0.00','1003.85',1),(360,1540,'out','2011-08-23 18:28:18','1000.00','0.00',0),(361,60,'out','2011-08-23 18:36:53','1000.00','5.52',1),(362,62,'out','2011-08-23 18:38:54','0.00','3.30',1),(363,62,'out','2011-08-23 18:39:14','0.00','1007.70',1),(364,62,'out','2011-08-23 18:41:08','0.00','3.30',1),(365,62,'out','2011-08-23 18:41:44','0.00','7.70',1),(366,62,'out','2011-08-23 18:54:58','0.00','3.30',1),(367,62,'out','2011-08-23 18:55:40','0.00','7.70',1),(368,62,'out','2011-08-23 19:11:48','0.00','0.33',1),(369,62,'out','2011-08-23 19:14:42','0.00','0.33',1),(370,62,'out','2011-08-23 19:19:59','0.00','0.33',1),(371,62,'out','2011-08-23 19:20:41','0.00','0.77',1),(372,62,'out','2011-08-23 19:25:55','0.00','0.33',1),(373,62,'out','2011-08-23 19:28:36','0.00','0.33',1),(374,62,'out','2011-08-23 19:36:01','0.00','0.33',1),(375,63,'out','2011-08-23 19:41:39','1000.00','5976.35',1),(376,63,'out','2011-08-23 19:42:01','0.00','3.59',1),(377,63,'out','2011-08-23 19:43:59','0.00','8.39',1),(378,63,'out','2011-08-23 19:45:01','0.00','0.00',1),(379,62,'out','2011-08-23 19:46:18','972.50','4986.14',1),(380,62,'out','2011-08-23 19:47:08','0.00','0.33',1),(381,62,'out','2011-08-24 10:50:51','0.00','0.00',1),(382,62,'out','2011-08-24 10:51:00','0.00','0.00',1),(383,62,'out','2011-08-24 10:51:17','0.00','0.00',1),(384,60,'out','2011-08-24 15:22:01','0.00','3.30',1),(385,60,'out','2011-08-24 15:31:22','0.00','3.30',1),(386,60,'out','2011-08-24 15:32:04','0.00','7.70',1),(387,60,'out','2011-08-24 17:18:10','0.00','1.65',1),(388,60,'out','2011-08-24 17:18:18','0.00','3.85',1),(389,60,'out','2011-08-24 19:19:40','0.00','7.70',1),(390,1540,'out','2011-08-25 15:28:46','1000.00','0.00',0),(391,1540,'in','2011-08-25 18:03:41','0.00','500.00',1),(392,1540,'out','2011-08-25 18:03:41','500.00','0.00',0),(393,1540,'out','2011-08-25 18:22:55','10.00','0.00',0),(394,1540,'in','2011-08-25 18:23:07','0.00','10.00',0),(395,60,'out','2011-08-25 18:34:42','0.00','1.65',1),(396,60,'out','2011-08-25 18:36:45','0.00','3.85',1),(397,60,'out','2011-11-17 14:55:46','1000.00','12.71',1),(398,60,'out','2011-11-17 14:56:12','0.00','0.00',1),(399,60,'out','2011-11-17 15:01:21','0.00','0.00',1),(400,60,'out','2011-11-17 15:01:44','0.00','0.00',1),(401,60,'out','2011-11-17 15:10:35','0.00','0.00',1),(402,60,'out','2011-11-17 15:11:37','0.00','0.00',1),(403,60,'out','2011-11-17 15:12:04','0.00','0.00',1),(404,60,'out','2011-11-17 15:12:37','0.00','0.00',1),(405,60,'out','2011-11-17 15:13:04','0.00','0.00',1),(406,60,'out','2011-11-18 10:40:38','0.00','0.00',1),(407,60,'out','2011-11-18 11:33:47','99.00','0.00',1),(408,63,'out','2011-11-18 12:49:48','99.00','2.00',1),(409,60,'out','2011-11-18 13:07:41','100.00','1.00',1),(410,63,'out','2011-11-18 13:07:43','98.00','2.00',1),(411,64,'out','2011-11-18 13:07:53','98.00','0.00',1),(412,60,'out','2011-11-18 14:14:48','98.00','0.00',1),(413,60,'out','2011-11-18 15:48:51','99.00','0.00',1),(414,60,'out','2011-11-18 15:56:57','100.00','0.00',1),(415,63,'out','2011-11-18 16:03:35','99.00','0.00',1),(416,63,'out','2011-11-18 16:03:43','0.00','0.00',1),(417,63,'out','2011-11-18 16:04:04','0.00','0.00',1),(418,64,'out','2011-11-18 16:07:39','99.00','3.00',1),(419,64,'out','2011-12-05 11:24:20','0.00','0.00',1),(420,64,'out','2011-12-05 11:36:58','99.00','2.00',1),(421,64,'out','2011-12-05 11:57:03','98.00','2.00',1),(422,64,'out','2011-12-05 11:57:41','0.00','0.00',1),(423,64,'out','2011-12-05 12:02:11','99.00','0.00',1),(424,64,'out','2011-12-05 12:29:58','99.00','0.00',1),(425,64,'out','2011-12-05 12:30:39','0.00','0.00',1),(426,64,'out','2011-12-05 12:56:16','97.00','3.00',1),(427,64,'out','2011-12-05 12:57:35','0.00','0.00',1),(428,64,'out','2011-12-05 12:59:22','99.00','0.00',1),(429,64,'out','2011-12-05 13:02:48','0.00','0.00',1),(430,64,'out','2011-12-05 13:05:48','99.00','1.00',1),(431,64,'out','2011-12-05 13:50:17','98.00','0.00',1),(432,63,'out','2011-12-05 13:50:20','99.00','0.00',1),(433,63,'out','2011-12-05 14:10:52','99.00','0.00',1),(434,63,'out','2011-12-05 14:20:35','0.00','0.00',1),(435,63,'out','2011-12-05 14:28:00','99.00','2.00',1),(436,64,'out','2012-02-01 14:01:48','94.00','0.00',1),(437,64,'out','2012-02-01 14:33:47','91.00','2.00',1),(438,64,'out','2012-02-01 14:49:24','0.00','0.00',1),(439,63,'out','2012-02-01 15:24:38','98.00','2.00',1),(440,62,'out','2012-02-01 15:24:39','100.00','194.30',1),(441,64,'out','2012-02-01 15:32:16','98.00','0.00',1),(442,62,'out','2012-02-01 15:32:43','0.00','0.00',1),(443,62,'out','2012-02-01 15:34:35','0.00','0.00',1),(444,62,'out','2012-02-01 15:39:38','99.00','1.00',1),(445,62,'out','2012-02-01 15:43:12','99.00','3.00',1),(446,62,'out','2012-02-01 15:45:05','99.00','0.00',1),(447,62,'out','2012-02-01 15:48:59','99.00','2.00',1),(448,62,'out','2012-02-01 15:51:46','99.00','2.00',1),(449,63,'out','2012-02-01 15:54:25','99.00','2.00',1),(450,62,'out','2012-02-01 15:54:32','99.00','2.00',1),(451,64,'out','2012-02-01 15:54:34','98.00','2.00',1),(452,62,'out','2012-02-01 15:55:54','99.00','2.00',1),(453,63,'out','2012-02-01 15:55:55','0.00','0.00',1),(454,63,'out','2012-02-01 15:55:56','99.00','0.00',1),(455,63,'out','2012-02-01 15:57:22','0.00','0.00',1),(456,63,'out','2012-02-01 15:57:38','0.00','0.00',1),(457,63,'out','2012-02-01 15:57:48','0.00','0.00',1),(458,63,'out','2012-02-01 16:00:06','99.00','1.00',1),(459,63,'out','2012-02-01 16:01:53','99.00','2.00',1),(460,62,'out','2012-02-01 16:01:54','98.00','4.00',1),(461,64,'out','2012-02-01 16:01:55','99.00','1.00',1),(462,62,'out','2012-02-01 16:01:55','0.00','0.00',1),(463,63,'out','2012-02-01 16:11:21','99.00','1.00',1),(464,63,'out','2012-02-01 16:13:28','99.00','0.00',1),(465,62,'out','2012-02-01 16:13:29','99.00','2.00',1),(466,64,'out','2012-02-01 16:13:30','99.00','2.00',1),(467,60,'out','2012-02-27 18:51:23','100.00','0.00',1),(468,62,'out','2012-02-27 18:52:48','0.00','0.00',1),(469,62,'out','2012-02-27 18:53:03','0.00','0.00',1),(470,62,'out','2012-02-27 18:53:20','0.00','0.00',1),(471,62,'out','2012-02-27 18:53:30','0.00','0.00',1),(472,60,'out','2012-02-27 18:58:39','0.00','0.00',1),(473,60,'out','2012-02-27 19:04:13','0.00','0.00',1),(474,62,'out','2012-02-27 19:14:57','0.00','0.00',1),(475,59,'out','2012-02-28 12:28:25','100.00','100.00',1),(476,62,'out','2012-02-28 12:42:41','0.00','0.00',1),(477,62,'out','2012-02-28 12:53:29','0.00','0.00',1),(478,63,'out','2012-02-28 13:28:46','0.00','0.00',1),(479,62,'out','2012-02-28 13:28:47','0.00','0.00',1),(480,64,'out','2012-02-28 13:39:15','1000.00','0.00',1),(481,62,'out','2012-02-28 13:39:18','999.00','0.00',1),(482,63,'out','2012-02-28 13:39:18','999.00','0.00',1),(483,64,'out','2012-02-28 17:41:50','0.00','0.00',1),(484,63,'out','2012-02-28 18:01:18','998.00','0.00',1),(485,62,'out','2012-02-28 18:01:20','999.00','1.00',1),(486,64,'out','2012-02-28 18:01:23','998.00','2.00',1),(487,63,'out','2012-02-29 12:13:53','999.00','0.00',1),(488,64,'out','2012-02-29 12:13:55','999.00','0.00',1),(489,62,'out','2012-02-29 12:14:04','1000.00','0.00',1),(490,64,'out','2012-02-29 12:14:32','0.00','1.00',1),(491,63,'out','2012-02-29 13:06:12','0.00','0.00',1),(492,63,'out','2012-02-29 13:06:43','0.00','0.00',1),(493,63,'out','2012-02-29 13:10:03','0.00','0.00',1),(494,63,'out','2012-02-29 13:10:17','0.00','0.00',1),(495,62,'out','2012-02-29 13:10:17','999.00','0.00',1),(496,64,'out','2012-02-29 13:10:18','999.00','0.00',1),(497,64,'out','2012-02-29 13:12:03','0.00','0.00',1),(498,63,'out','2012-02-29 13:12:10','0.00','0.00',1),(499,62,'out','2012-02-29 13:12:17','0.00','0.00',1),(500,64,'out','2012-02-29 13:13:13','0.00','0.00',1),(501,63,'out','2012-02-29 13:13:14','0.00','0.00',1),(502,64,'out','2012-02-29 13:20:27','999.00','1.00',1),(503,63,'out','2012-02-29 13:20:29','999.00','2.00',1),(504,62,'out','2012-02-29 13:20:30','999.00','0.00',1),(505,63,'out','2012-02-29 13:20:31','0.00','2.00',1),(506,63,'out','2012-02-29 13:20:32','0.00','2.00',1),(507,64,'out','2012-02-29 13:20:32','0.00','2.00',1),(508,62,'out','2012-02-29 14:21:13','1000.00','0.00',1),(509,63,'out','2012-02-29 14:21:14','1000.00','0.00',1),(510,64,'out','2012-02-29 14:21:19','1000.00','0.00',1),(511,64,'out','2012-02-29 14:24:56','1000.00','0.00',1),(512,64,'out','2012-02-29 14:29:11','1000.00','0.00',1),(513,64,'out','2012-02-29 14:30:28','0.00','0.00',1),(514,64,'out','2012-02-29 14:35:47','0.00','0.00',1),(515,64,'out','2012-02-29 14:44:26','0.00','0.00',1),(516,64,'out','2012-02-29 14:44:54','0.00','0.00',1),(517,64,'out','2012-02-29 14:47:08','0.00','0.00',1),(518,64,'out','2012-02-29 14:50:29','0.00','0.00',1),(519,64,'out','2012-02-29 14:50:35','0.00','0.00',1),(520,64,'out','2012-02-29 14:53:19','0.00','0.00',1),(521,64,'out','2012-02-29 14:55:39','999.00','2.00',1),(522,63,'out','2012-02-29 14:55:41','999.00','2.00',1),(523,62,'out','2012-02-29 14:55:43','999.00','2.00',1),(524,64,'out','2012-02-29 15:32:41','0.00','0.00',1),(525,62,'out','2012-02-29 15:32:45','0.00','0.00',1),(526,63,'out','2012-02-29 15:32:52','0.00','0.00',1),(527,62,'out','2012-02-29 15:33:18','0.00','0.00',1),(528,64,'out','2012-02-29 15:34:36','999.00','0.00',1),(529,63,'out','2012-02-29 15:34:37','999.00','0.00',1),(530,60,'out','2012-02-29 15:34:38','1000.00','0.00',1),(531,62,'out','2012-02-29 15:34:40','999.00','0.00',1),(532,60,'out','2012-02-29 17:44:04','999.00','0.00',1),(533,60,'out','2012-02-29 18:04:40','0.00','0.00',1);
/*!40000 ALTER TABLE `money_transaction_info` ENABLE KEYS */;
UNLOCK TABLES;

--
-- Table structure for table `room_master`
--

DROP TABLE IF EXISTS `room_master`;
/*!40101 SET @saved_cs_client     = @@character_set_client */;
/*!40101 SET character_set_client = utf8 */;
CREATE TABLE `room_master` (
  `NUMBER` tinyint(4) NOT NULL,
  `NAME` varchar(128) NOT NULL,
  `DESCRIPTION` varchar(256) NOT NULL,
  `MIN_PLAYERS` int(11) NOT NULL,
  `MAX_PLAYERS` bigint(20) NOT NULL,
  `ANNOUNCEMENT` varchar(1024) DEFAULT NULL,
  `WELCOME_MESSAGE` varchar(1024) DEFAULT NULL,
  `REBOOT` tinyint(4) DEFAULT '0',
  `ACTIVE_STATUS` tinyint(4) DEFAULT '1',
  `BACKGROUND` varchar(1024) DEFAULT 'http://game-01.globalbingogame.com/default.jpg',
  `CHAT_ENABLED` tinyint(4) DEFAULT '1',
  `MAX_CARDS` int(11) DEFAULT '10',
  `inBtTime` int(11) DEFAULT NULL,
  `MAX_BET` varchar(10) DEFAULT '0',
  `MIN_BET` varchar(10) DEFAULT '0'
) ENGINE=InnoDB DEFAULT CHARSET=latin1;
/*!40101 SET character_set_client = @saved_cs_client */;

--
-- Dumping data for table `room_master`
--

LOCK TABLES `room_master` WRITE;
/*!40000 ALTER TABLE `room_master` DISABLE KEYS */;
INSERT INTO `room_master` VALUES (1,'Salas de Alicante','Salas de Alicante',1,3,'Vanavond hoge prijzen in de boekjesbingo!! Veel Succes !!','Cada noche grandes premios en cartones de Bingo !!!\n\nCada Miercoles saldo extra en wallie e Ideal\n\nAhora tambien Ruleta online multijugador !!! Jugad, chatead y ganad juntos !!! Sigue el link en la pagina principal',0,1,'http://image.gbg.nl.globalbingogame.com/background/11.png',1,50,5,'100','1'),(2,'Salas de Calpe','Salas de Calpe',1,3,'Vanavond hoge prijzen in de boekjesbingo!! Veel Succes !!','Cada noche grandes premios en cartones de Bingo !!!\n\nCada Miercoles saldo extra en wallie e Ideal\n\nAhora tambien Ruleta online multijugador !!! Jugad, chatead y ganad juntos !!! Sigue el link en la pagina principal',0,1,'http://image.gbg.nl.globalbingogame.com/background/33.png',1,15,5,'100','1'),(3,'Salas de Fuengirola','Salas de Fuengirola',1,3,'Vanavond hoge prijzen in de boekjesbingo!! Veel Succes !!','Cada noche grandes premios en cartones de Bingo !!!\n\nCada Miercoles saldo extra en wallie e Ideal\n\nAhora tambien Ruleta online multijugador !!! Jugad, chatead y ganad juntos !!! Sigue el link en la pagina principal',0,1,'http://image.gbg.nl.globalbingogame.com/background/33.png',1,15,5,'100','1'),(4,'Salas de Marbella','Salas de Marbella',1,3,'Vanavond hoge prijzen in de boekjesbingo!! Veel Succes !!','Cada noche grandes premios en cartones de Bingo !!!\n\nCada Miercoles saldo extra en wallie e Ideal\n\nAhora tambien Ruleta online multijugador !!! Jugad, chatead y ganad juntos !!! Sigue el link en la pagina principal',0,1,'http://image.gbg.nl.globalbingogame.com/background/44.png',1,10,5,'100','1'),(5,'Salas de Nerja','Salas de Nerja',1,3,'Vanavond hoge prijzen in de boekjesbingo!! Veel Succes !!','Cada noche grandes premios en cartones de Bingo !!!\n\nCada Miercoles saldo extra en wallie e Ideal\n\nAhora tambien Ruleta online multijugador !!! Jugad, chatead y ganad juntos !!! Sigue el link en la pagina principal',0,1,'http://image.gbg.nl.globalbingogame.com/background/55.png',1,5,5,'100','1'),(6,'Salas de San Sebastian','Salas de San Sebastian',1,3,'Vanavond hoge prijzen in de boekjesbingo!! Veel Succes !!','Cada noche grandes premios en cartones de Bingo !!!\n\nCada Miercoles saldo extra en wallie e Ideal\n\nAhora tambien Ruleta online multijugador !!! Jugad, chatead y ganad juntos !!! Sigue el link en la pagina principal',0,1,'http://image.gbg.nl.globalbingogame.com/background/66.png',1,5,5,'100','1'),(7,'Salas de Sitges','Salas de Sitges',1,3,'Vanavond hoge prijzen in de boekjesbingo!! Veel Succes !!','Cada noche grandes premios en cartones de Bingo !!!\n\nCada Miercoles saldo extra en wallie e Ideal\n\nAhora tambien Ruleta online multijugador !!! Jugad, chatead y ganad juntos !!! Sigue el link en la pagina principal',0,1,'http://image.gbg.nl.globalbingogame.com/background/wk.png',1,10,5,'100','1'),(8,'Salas de Torremolinos','Salas de Torremolinos',1,3,'Vandaag 25 procent ideal en wallie BONUS !! Multi Roulette online !','Cada noche grandes premios en cartones de Bingo !!!\n\nCada Miercoles saldo extra en wallie e Ideal\n\nAhora tambien Ruleta online multijugador !!! Jugad, chatead y ganad juntos !!! Sigue el link en la pagina principal',0,1,'http://image.gbg.nl.globalbingogame.com/background/wk.png',1,10,5,'100','1'),(9,'Salas de Salou','Salas de Salou',1,3,'Woensdag 25 procent iDeal en Wallie Bonus !!!','Cada noche grandes premios en cartones de Bingo !!!\n\nCada Miercoles saldo extra en wallie e Ideal\n\nAhora tambien Ruleta online multijugador !!! Jugad, chatead y ganad juntos !!! Sigue el link en la pagina principal',0,1,'http://image.gbg.nl.globalbingogame.com/background/wk.png',1,10,5,'100','1'),(10,'Salas de Motril','Salas de Motril',1,3,'Vanavond hoge prijzen in de boekjesbingo!! Veel Succes !!','Cada noche grandes premios en cartones de Bingo !!!\n\nCada Miercoles saldo extra en wallie e Ideal\n\nAhora tambien Ruleta online multijugador !!! Jugad, chatead y ganad juntos !!! Sigue el link en la pagina principal',0,1,'http://image.gbg.nl.globalbingogame.com/background/w/w2.jpg',1,10,5,'100','1'),(11,'Salas de Dénia','Salas de Dénia',1,3,'Vanavond weer super prijzen op boekjesbingo !','Cada noche grandes premios en cartones de Bingo !!!\n\nCada Miercoles saldo extra en wallie e Ideal\n\nAhora tambien Ruleta online multijugador !!! Jugad, chatead y ganad juntos !!! Sigue el link en la pagina principal',0,1,'http://image.gbg.nl.globalbingogame.com/background/w/w1.jpg',1,10,5,'100','1'),(12,'Salas de Lloret de Mar','Salas de Lloret de Mar',1,3,'Vanavond weer super prijzen op boekjesbingo !','Cada noche grandes premios en cartones de Bingo !!!\n\nCada Miercoles saldo extra en wallie e Ideal\n\nAhora tambien Ruleta online multijugador !!! Jugad, chatead y ganad juntos !!! Sigue el link en la pagina principal',0,1,'http://image.gbg.nl.globalbingogame.com/background/w/w3.jpg',1,5,5,'100','1'),(13,'Salas de Palamós','Salas de Palamós',1,3,'Aanstaande Dinsdag op boekjesbingo 24 X 230 euro boekprijs vanaf 10 euro !','Cada noche grandes premios en cartones de Bingo !!!\n\nCada Miercoles saldo extra en wallie e Ideal\n\nAhora tambien Ruleta online multijugador !!! Jugad, chatead y ganad juntos !!! Sigue el link en la pagina principal',0,1,'http://image.gbg.nl.globalbingogame.com/background/w/w4.jpg',1,10,5,'100','1'),(14,'Salas de Almería','Salas de Almería',1,3,'Volgende week Dinsdag op boekjesbingo 24 X 230 euro boekprijs vanaf 10 euro !','Cada noche grandes premios en cartones de Bingo !!!\n\nCada Miercoles saldo extra en wallie e Ideal\n\nAhora tambien Ruleta online multijugador !!! Jugad, chatead y ganad juntos !!! Sigue el link en la pagina principal',0,1,'http://image.gbg.nl.globalbingogame.com/background/w/w5.jpg',1,5,5,'100','1'),(15,'Salas de Blanes','Salas de Blanes',1,3,'Vanavond op boekjesbingo 24 geldprijzen waarvan 1X1000 euro !Boekprijs vanaf 5 euro !','Cada noche grandes premios en cartones de Bingo !!!\n\nCada Miercoles saldo extra en wallie e Ideal\n\nAhora tambien Ruleta online multijugador !!! Jugad, chatead y ganad juntos !!! Sigue el link en la pagina principal',0,1,'http://image.gbg.nl.globalbingogame.com/background/w/w6.jpg',1,10,5,'100','1'),(16,'Salas de Cambrils','Salas de Cambrils',1,3,'Vanavond op boekjesbingo 8X20 8X30 8X100 euro ! Boekprijs vanaf 5 euro !','Cada noche grandes premios en cartones de Bingo !!!\n\nCada Miercoles saldo extra en wallie e Ideal\n\nAhora tambien Ruleta online multijugador !!! Jugad, chatead y ganad juntos !!! Sigue el link en la pagina principal',0,1,'http://image.gbg.nl.globalbingogame.com/background/w/w1.jpg',1,5,5,'100','1'),(17,'Salas de Fenals','Salas de Fenals',1,3,'Vanavond op boekjesbingo 8X20 8X30 8X100 euro ! Boekprijs vanaf 5 euro !','Cada noche grandes premios en cartones de Bingo !!!\n\nCada Miercoles saldo extra en wallie e Ideal\n\nAhora tambien Ruleta online multijugador !!! Jugad, chatead y ganad juntos !!! Sigue el link en la pagina principal',0,1,'http://image.gbg.nl.globalbingogame.com/background/17z.jpg',1,10,5,'100','1'),(18,'Salas de Malgrat de Mar','Salas de Malgrat de Mar',1,3,'Vanavond op boekjesbingo 8X20 8X30 8X100 euro ! Boekprijs vanaf 5 euro !','Cada noche grandes premios en cartones de Bingo !!!\n\nCada Miercoles saldo extra en wallie e Ideal\n\nAhora tambien Ruleta online multijugador !!! Jugad, chatead y ganad juntos !!! Sigue el link en la pagina principal',0,1,'http://image.gbg.nl.globalbingogame.com/background/18.jpg',1,10,5,'100','1'),(19,'Salas de Pineda de Mar','Salas de Pineda de Mar',1,3,'Morgen op boekjesbingo 8X30 8X40 5X100 2X100 1X1000 boekprijs 5 euro !','Cada noche grandes premios en cartones de Bingo !!!\n\nCada Miercoles saldo extra en wallie e Ideal\n\nAhora tambien Ruleta online multijugador !!! Jugad, chatead y ganad juntos !!! Sigue el link en la pagina principal',0,1,'http://image.gbg.nl.globalbingogame.com/background/19.jpg',1,10,5,'100','1'),(20,'Salas de Roses','Salas de Roses',1,3,'Morgen op boekjesbingo 8X30 8X40 5X100 2X100 1X1000 boekprijs 5 euro !','Cada noche grandes premios en cartones de Bingo !!!\n\nCada Miercoles saldo extra en wallie e Ideal\n\nAhora tambien Ruleta online multijugador !!! Jugad, chatead y ganad juntos !!! Sigue el link en la pagina principal',0,1,'http://image.gbg.nl.globalbingogame.com/background/20.jpg',1,10,5,'100','1'),(21,'Salas de Sant Feliu de Guíxols','Salas de Sant Feliu de Guíxols',1,3,'Morgen op boekjesbingo 8X30 8X40 5X100 2X100 1X1000 boekprijs 5 euro !','Cada noche grandes premios en cartones de Bingo !!!\n\nCada Miercoles saldo extra en wallie e Ideal\n\nAhora tambien Ruleta online multijugador !!! Jugad, chatead y ganad juntos !!! Sigue el link en la pagina principal',0,1,'http://image.gbg.nl.globalbingogame.com/background/21.jpg',1,10,5,'100','1'),(22,'Salas de Torrevieja','Salas de Torrevieja',1,3,'Morgen op boekjesbingo 8X30 8X40 5X100 2X100 1X1000 boekprijs 5 euro !','Cada noche grandes premios en cartones de Bingo !!!\n\nCada Miercoles saldo extra en wallie e Ideal\n\nAhora tambien Ruleta online multijugador !!! Jugad, chatead y ganad juntos !!! Sigue el link en la pagina principal',0,1,'http://image.gbg.nl.globalbingogame.com/background/22.jpg',1,10,5,'100','1'),(23,'Salas de Benidorm','Salas de Benidorm',1,3,'Morgen op boekjesbingo 8X30 8X40 5X100 2X100 1X1000 boekprijs 5 euro !','Cada noche grandes premios en cartones de Bingo !!!\n\nCada Miercoles saldo extra en wallie e Ideal\n\nAhora tambien Ruleta online multijugador !!! Jugad, chatead y ganad juntos !!! Sigue el link en la pagina principal',0,1,'http://image.gbg.nl.globalbingogame.com/background/23z.jpg',1,10,5,'100','1'),(24,'Salas de Calella','Salas de Calella',1,3,'Morgen op boekjesbingo 8X30 8X40 5X100 2X100 1X1000 boekprijs 5 euro !','Cada noche grandes premios en cartones de Bingo !!!\n\nCada Miercoles saldo extra en wallie e Ideal\n\nAhora tambien Ruleta online multijugador !!! Jugad, chatead y ganad juntos !!! Sigue el link en la pagina principal',0,1,'http://image.gbg.nl.globalbingogame.com/background/24z.jpg',1,10,5,'100','1');
/*!40000 ALTER TABLE `room_master` ENABLE KEYS */;
UNLOCK TABLES;

--
-- Table structure for table `star_failed_account_master`
--

DROP TABLE IF EXISTS `star_failed_account_master`;
/*!40101 SET @saved_cs_client     = @@character_set_client */;
/*!40101 SET character_set_client = utf8 */;
CREATE TABLE `star_failed_account_master` (
  `ID` bigint(100) NOT NULL AUTO_INCREMENT,
  `ACCOUNT_NUMBER` bigint(20) DEFAULT NULL,
  `CASH_BALANCE` decimal(8,2) DEFAULT NULL,
  `WIN_BALANCE` decimal(8,2) DEFAULT NULL,
  `TIME_OF_TRANSACTION` datetime DEFAULT NULL,
  PRIMARY KEY (`ID`)
) ENGINE=InnoDB AUTO_INCREMENT=969 DEFAULT CHARSET=latin1;
/*!40101 SET character_set_client = @saved_cs_client */;

--
-- Dumping data for table `star_failed_account_master`
--

LOCK TABLES `star_failed_account_master` WRITE;
/*!40000 ALTER TABLE `star_failed_account_master` DISABLE KEYS */;
INSERT INTO `star_failed_account_master` VALUES (556,0,'0.00','0.00',NULL),(557,0,'0.00','0.00',NULL),(558,63,'1000.00','100.00',NULL),(559,63,'0.00','0.00',NULL),(560,63,'0.00','0.00',NULL),(561,63,'0.00','0.00',NULL),(562,60,'1000.00','89.00',NULL),(563,60,'0.00','3.30',NULL),(564,60,'0.00','7.70',NULL),(565,62,'1000.00','100.00',NULL),(566,62,'0.00','0.00',NULL),(567,60,'97.00','45.00',NULL),(568,62,'94.00','45.00',NULL),(569,62,'0.00','0.00',NULL),(570,62,'0.00','0.00',NULL),(571,62,'100.00','0.00',NULL),(572,62,'0.00','0.00',NULL),(573,60,'89.00','0.00',NULL),(574,60,'0.00','0.00',NULL),(575,60,'0.00','3.30',NULL),(576,60,'0.00','7.70',NULL),(577,60,'0.00','0.00',NULL),(578,60,'89.00','11.00',NULL),(579,60,'89.00','0.00',NULL),(580,60,'0.00','3.30',NULL),(581,60,'0.00','7.70',NULL),(582,60,'89.00','0.00',NULL),(583,60,'0.00','0.00',NULL),(584,60,'0.00','3.30',NULL),(585,60,'0.00','0.00',NULL),(586,60,'0.00','0.00',NULL),(587,60,'0.00','7.70',NULL),(588,60,'0.00','0.00',NULL),(589,60,'0.00','0.00',NULL),(590,60,'0.00','0.00',NULL),(591,60,'0.00','0.00',NULL),(592,60,'0.00','0.00',NULL),(593,60,'94.50','0.00',NULL),(594,60,'0.00','0.00',NULL),(595,60,'0.00','0.00',NULL),(596,60,'0.00','1.65',NULL),(597,60,'0.00','3.85',NULL),(598,60,'0.00','0.00',NULL),(599,60,'0.00','0.00',NULL),(600,60,'0.00','0.00',NULL),(601,60,'0.00','0.00',NULL),(602,60,'0.00','0.00',NULL),(603,60,'0.00','0.00',NULL),(604,60,'94.50','0.00',NULL),(605,60,'0.00','1.65',NULL),(606,60,'0.00','3.85',NULL),(607,60,'94.50','0.00',NULL),(608,60,'0.00','1.65',NULL),(609,60,'0.00','3.85',NULL),(610,60,'100.00','0.00',NULL),(611,60,'0.00','0.00',NULL),(612,60,'0.00','0.00',NULL),(613,60,'0.00','0.00',NULL),(614,60,'0.00','0.00',NULL),(615,60,'0.00','0.00',NULL),(616,60,'0.00','0.00',NULL),(617,60,'0.00','0.00',NULL),(618,60,'0.00','0.00',NULL),(619,60,'0.00','0.00',NULL),(620,60,'0.00','0.00',NULL),(621,60,'0.00','0.00',NULL),(622,60,'0.00','0.00',NULL),(623,60,'0.00','0.00',NULL),(624,60,'0.00','0.00',NULL),(625,60,'0.00','0.00',NULL),(626,60,'0.00','0.00',NULL),(627,60,'0.00','0.00',NULL),(628,60,'0.00','0.00',NULL),(629,60,'0.00','0.00',NULL),(630,60,'0.00','0.00',NULL),(631,60,'0.00','0.00',NULL),(632,60,'0.00','0.00',NULL),(633,62,'99.40','0.00',NULL),(634,62,'0.00','0.00',NULL),(635,62,'0.00','0.00',NULL),(636,60,'97.00','90.00',NULL),(637,63,'97.00','0.00',NULL),(638,60,'0.00','0.00',NULL),(639,60,'94.00','0.00',NULL),(640,60,'0.00','0.00',NULL),(641,60,'89.00','0.00',NULL),(642,60,'0.00','0.00',NULL),(643,60,'0.00','3.30',NULL),(644,60,'0.00','7.70',NULL),(645,60,'0.00','0.00',NULL),(646,62,'89.00','0.00',NULL),(647,62,'0.00','3.30',NULL),(648,62,'0.00','7.72',NULL),(649,62,'0.00','0.00',NULL),(650,62,'0.00','0.00',NULL),(651,62,'0.00','0.00',NULL),(652,62,'0.00','0.00',NULL),(653,62,'0.00','0.00',NULL),(654,62,'0.00','0.00',NULL),(655,62,'89.00','0.00',NULL),(656,62,'0.00','3.30',NULL),(657,62,'0.00','1007.70',NULL),(658,63,'100.00','0.00',NULL),(659,63,'0.00','0.00',NULL),(660,63,'0.00','0.00',NULL),(661,63,'0.00','0.00',NULL),(662,63,'100.00','0.00',NULL),(663,60,'1000.00','0.00',NULL),(664,60,'0.00','0.00',NULL),(665,60,'0.00','0.00',NULL),(666,60,'0.00','0.00',NULL),(667,62,'1000.00','0.00',NULL),(668,62,'0.00','0.00',NULL),(669,62,'100.00','0.00',NULL),(670,62,'0.00','0.00',NULL),(671,62,'0.00','0.00',NULL),(672,62,'0.00','0.00',NULL),(673,62,'0.00','0.00',NULL),(674,62,'67.00','0.00',NULL),(675,62,'0.00','9.90',NULL),(676,62,'0.00','23.10',NULL),(677,62,'0.00','0.00',NULL),(678,63,'1000.00','0.00',NULL),(679,62,'989.00','3.30',NULL),(680,62,'0.00','7.70',NULL),(681,63,'0.00','0.00',NULL),(682,60,'1000.00','0.00',NULL),(683,63,'0.00','0.00',NULL),(684,63,'0.00','0.00',NULL),(685,63,'0.00','0.00',NULL),(686,63,'0.00','0.00',NULL),(687,60,'0.00','0.00',NULL),(688,60,'0.00','0.00',NULL),(689,60,'0.00','0.00',NULL),(690,60,'0.00','0.00',NULL),(691,63,'0.00','0.00',NULL),(692,63,'0.00','0.00',NULL),(693,63,'0.00','0.00',NULL),(694,63,'0.00','0.00',NULL),(695,63,'0.00','0.00',NULL),(696,60,'0.00','0.00',NULL),(697,60,'0.00','0.00',NULL),(698,60,'0.00','0.00',NULL),(699,60,'0.00','0.00',NULL),(700,60,'0.00','0.00',NULL),(701,60,'999.50','0.00',NULL),(702,60,'0.00','0.00',NULL),(703,60,'0.00','0.00',NULL),(704,60,'994.50','5.50',NULL),(705,62,'1000.00','0.00',NULL),(706,62,'1000.00','0.00',NULL),(707,62,'0.00','0.00',NULL),(708,62,'989.00','3.30',NULL),(709,62,'0.00','7.70',NULL),(710,62,'989.00','11.00',NULL),(711,62,'1000.00','0.00',NULL),(712,62,'0.00','0.00',NULL),(713,62,'989.00','11.00',NULL),(714,62,'0.00','0.00',NULL),(715,62,'988.70','0.00',NULL),(716,62,'0.00','3.30',NULL),(717,62,'0.00','1007.70',NULL),(718,60,'994.50','0.00',NULL),(719,60,'0.00','1.65',NULL),(720,60,'0.00','3.85',NULL),(721,60,'0.00','0.00',NULL),(722,60,'0.00','0.00',NULL),(723,60,'994.50','0.00',NULL),(724,60,'0.00','1.65',NULL),(725,60,'0.00','3.85',NULL),(726,60,'994.50','0.00',NULL),(727,60,'989.00','11.00',NULL),(728,60,'1000.00','0.00',NULL),(729,63,'1000.00','0.00',NULL),(730,63,'0.00','0.00',NULL),(731,63,'0.00','0.00',NULL),(732,63,'0.00','0.00',NULL),(733,64,'1000.00','0.00',NULL),(734,63,'0.00','0.00',NULL),(735,64,'0.00','0.00',NULL),(736,63,'0.00','0.00',NULL),(737,64,'0.00','0.00',NULL),(738,64,'0.00','0.00',NULL),(739,64,'0.00','0.00',NULL),(740,63,'0.00','0.00',NULL),(741,63,'1000.00','0.00',NULL),(742,63,'0.00','0.00',NULL),(743,63,'0.00','0.00',NULL),(744,63,'0.00','0.00',NULL),(745,63,'0.00','0.00',NULL),(746,63,'0.00','0.00',NULL),(747,64,'994.50','0.00',NULL),(748,63,'0.00','0.00',NULL),(749,63,'0.00','0.00',NULL),(750,63,'0.00','0.00',NULL),(751,63,'0.00','0.00',NULL),(752,63,'0.00','0.00',NULL),(753,63,'0.00','0.00',NULL),(754,64,'0.00','2000.01',NULL),(755,63,'0.00','0.00',NULL),(756,64,'0.00','1.65',NULL),(757,60,'999.90','0.00',NULL),(758,64,'0.00','1003.85',NULL),(759,62,'994.50','0.00',NULL),(760,60,'0.00','0.00',NULL),(761,63,'0.00','0.00',NULL),(762,62,'0.00','5.50',NULL),(763,60,'0.00','0.00',NULL),(764,63,'0.00','0.00',NULL),(765,64,'0.00','0.00',NULL),(766,64,'0.00','0.00',NULL),(767,64,'0.00','0.00',NULL),(768,64,'0.00','0.00',NULL),(769,64,'0.00','0.00',NULL),(770,60,'0.00','0.00',NULL),(771,60,'994.50','0.00',NULL),(772,60,'0.00','0.00',NULL),(773,60,'0.00','0.00',NULL),(774,60,'0.00','1.65',NULL),(775,60,'0.00','1003.85',NULL),(776,63,'999.90','0.00',NULL),(777,60,'0.00','0.06',NULL),(778,60,'0.00','0.14',NULL),(779,62,'994.50','0.00',NULL),(780,64,'999.90','0.00',NULL),(781,64,'0.00','0.00',NULL),(782,62,'0.00','1.65',NULL),(783,62,'0.00','3.85',NULL),(784,60,'994.50','0.00',NULL),(785,60,'0.00','0.00',NULL),(786,63,'999.90','0.00',NULL),(787,60,'0.00','1.65',NULL),(788,60,'0.00','1003.86',NULL),(789,63,'0.00','0.06',NULL),(790,63,'0.00','0.14',NULL),(791,63,'0.00','0.00',NULL),(792,60,'0.00','0.00',NULL),(793,60,'0.00','0.00',NULL),(794,63,'0.00','0.00',NULL),(795,63,'0.00','0.00',NULL),(796,63,'0.00','0.00',NULL),(797,63,'0.00','1.65',NULL),(798,63,'0.00','1.65',NULL),(799,63,'0.00','3.85',NULL),(800,63,'0.00','1.65',NULL),(801,63,'0.00','1003.85',NULL),(802,60,'1000.00','5.52',NULL),(803,62,'0.00','3.30',NULL),(804,62,'0.00','1007.70',NULL),(805,62,'0.00','3.30',NULL),(806,62,'0.00','7.70',NULL),(807,62,'0.00','3.30',NULL),(808,62,'0.00','7.70',NULL),(809,62,'0.00','0.33',NULL),(810,62,'0.00','0.33',NULL),(811,62,'0.00','0.33',NULL),(812,62,'0.00','0.77',NULL),(813,62,'0.00','0.33',NULL),(814,62,'0.00','0.33',NULL),(815,62,'0.00','0.33',NULL),(816,63,'1000.00','5976.35',NULL),(817,63,'0.00','3.59',NULL),(818,63,'0.00','8.39',NULL),(819,63,'0.00','0.00',NULL),(820,62,'972.50','4986.14',NULL),(821,62,'0.00','0.33',NULL),(822,62,'0.00','0.00',NULL),(823,62,'0.00','0.00',NULL),(824,62,'0.00','0.00',NULL),(825,60,'0.00','3.30',NULL),(826,60,'0.00','3.30',NULL),(827,60,'0.00','7.70',NULL),(828,60,'0.00','1.65',NULL),(829,60,'0.00','3.85',NULL),(830,60,'0.00','7.70',NULL),(831,60,'0.00','1.65',NULL),(832,60,'0.00','3.85',NULL),(833,60,'1000.00','12.71',NULL),(834,60,'0.00','0.00',NULL),(835,60,'0.00','0.00',NULL),(836,60,'0.00','0.00',NULL),(837,60,'0.00','0.00',NULL),(838,60,'0.00','0.00',NULL),(839,60,'0.00','0.00',NULL),(840,60,'0.00','0.00',NULL),(841,60,'0.00','0.00',NULL),(842,60,'0.00','0.00',NULL),(843,60,'99.00','0.00',NULL),(844,63,'99.00','2.00',NULL),(845,60,'100.00','1.00',NULL),(846,63,'98.00','2.00',NULL),(847,64,'98.00','0.00',NULL),(848,60,'98.00','0.00',NULL),(849,60,'99.00','0.00',NULL),(850,60,'100.00','0.00',NULL),(851,63,'99.00','0.00',NULL),(852,63,'0.00','0.00',NULL),(853,63,'0.00','0.00',NULL),(854,64,'99.00','3.00',NULL),(855,64,'0.00','0.00',NULL),(856,64,'99.00','2.00',NULL),(857,64,'98.00','2.00',NULL),(858,64,'0.00','0.00',NULL),(859,64,'99.00','0.00',NULL),(860,64,'99.00','0.00',NULL),(861,64,'0.00','0.00',NULL),(862,64,'97.00','3.00',NULL),(863,64,'0.00','0.00',NULL),(864,64,'99.00','0.00',NULL),(865,64,'0.00','0.00',NULL),(866,64,'99.00','1.00',NULL),(867,64,'98.00','0.00',NULL),(868,63,'99.00','0.00',NULL),(869,63,'99.00','0.00',NULL),(870,63,'0.00','0.00',NULL),(871,63,'99.00','2.00',NULL),(872,64,'91.00','2.00','2012-02-01 14:33:47'),(873,64,'0.00','0.00','2012-02-01 14:49:24'),(874,63,'98.00','2.00','2012-02-01 15:24:38'),(875,62,'100.00','194.30','2012-02-01 15:24:39'),(876,64,'98.00','0.00','2012-02-01 15:32:16'),(877,62,'0.00','0.00','2012-02-01 15:32:43'),(878,62,'0.00','0.00','2012-02-01 15:34:35'),(879,62,'99.00','1.00','2012-02-01 15:39:38'),(880,62,'99.00','3.00','2012-02-01 15:43:12'),(881,62,'99.00','0.00','2012-02-01 15:45:05'),(882,62,'99.00','2.00','2012-02-01 15:48:59'),(883,62,'99.00','2.00','2012-02-01 15:51:46'),(884,63,'99.00','2.00','2012-02-01 15:54:25'),(885,62,'99.00','2.00','2012-02-01 15:54:32'),(886,64,'98.00','2.00','2012-02-01 15:54:34'),(887,62,'99.00','2.00','2012-02-01 15:55:54'),(888,63,'0.00','0.00','2012-02-01 15:55:55'),(889,63,'99.00','0.00','2012-02-01 15:55:56'),(890,63,'0.00','0.00','2012-02-01 15:57:22'),(891,63,'0.00','0.00','2012-02-01 15:57:38'),(892,63,'0.00','0.00','2012-02-01 15:57:48'),(893,63,'99.00','1.00','2012-02-01 16:00:06'),(894,63,'99.00','2.00','2012-02-01 16:01:53'),(895,62,'98.00','4.00','2012-02-01 16:01:54'),(896,64,'99.00','1.00','2012-02-01 16:01:55'),(897,62,'0.00','0.00','2012-02-01 16:01:55'),(898,63,'99.00','1.00','2012-02-01 16:11:21'),(899,63,'99.00','0.00','2012-02-01 16:13:28'),(900,62,'99.00','2.00','2012-02-01 16:13:29'),(901,64,'99.00','2.00','2012-02-01 16:13:30'),(902,60,'100.00','0.00','2012-02-27 18:51:23'),(903,62,'0.00','0.00','2012-02-27 18:52:48'),(904,62,'0.00','0.00','2012-02-27 18:53:03'),(905,62,'0.00','0.00','2012-02-27 18:53:20'),(906,62,'0.00','0.00','2012-02-27 18:53:30'),(907,60,'0.00','0.00','2012-02-27 18:58:39'),(908,60,'0.00','0.00','2012-02-27 19:04:13'),(909,62,'0.00','0.00','2012-02-27 19:14:57'),(910,59,'100.00','100.00','2012-02-28 12:28:25'),(911,62,'0.00','0.00','2012-02-28 12:42:41'),(912,62,'0.00','0.00','2012-02-28 12:53:29'),(913,63,'0.00','0.00','2012-02-28 13:28:46'),(914,62,'0.00','0.00','2012-02-28 13:28:47'),(915,64,'1000.00','0.00','2012-02-28 13:39:15'),(916,62,'999.00','0.00','2012-02-28 13:39:18'),(917,63,'999.00','0.00','2012-02-28 13:39:18'),(918,64,'0.00','0.00','2012-02-28 17:41:50'),(919,63,'998.00','0.00','2012-02-28 18:01:18'),(920,62,'999.00','1.00','2012-02-28 18:01:20'),(921,64,'998.00','2.00','2012-02-28 18:01:23'),(922,63,'999.00','0.00','2012-02-29 12:13:53'),(923,64,'999.00','0.00','2012-02-29 12:13:55'),(924,62,'1000.00','0.00','2012-02-29 12:14:04'),(925,64,'0.00','1.00',NULL),(926,63,'0.00','0.00','2012-02-29 13:06:12'),(927,63,'0.00','0.00','2012-02-29 13:06:43'),(928,63,'0.00','0.00','2012-02-29 13:10:03'),(929,63,'0.00','0.00','2012-02-29 13:10:17'),(930,62,'999.00','0.00','2012-02-29 13:10:17'),(931,64,'999.00','0.00','2012-02-29 13:10:18'),(932,64,'0.00','0.00','2012-02-29 13:12:03'),(933,63,'0.00','0.00','2012-02-29 13:12:10'),(934,62,'0.00','0.00','2012-02-29 13:12:17'),(935,64,'0.00','0.00','2012-02-29 13:13:13'),(936,63,'0.00','0.00','2012-02-29 13:13:14'),(937,64,'999.00','1.00','2012-02-29 13:20:27'),(938,63,'999.00','2.00','2012-02-29 13:20:29'),(939,62,'999.00','0.00','2012-02-29 13:20:30'),(940,63,'0.00','2.00',NULL),(941,63,'0.00','2.00',NULL),(942,64,'0.00','2.00',NULL),(943,62,'1000.00','0.00','2012-02-29 14:21:13'),(944,63,'1000.00','0.00','2012-02-29 14:21:14'),(945,64,'1000.00','0.00','2012-02-29 14:21:19'),(946,64,'1000.00','0.00','2012-02-29 14:24:56'),(947,64,'1000.00','0.00','2012-02-29 14:29:11'),(948,64,'0.00','0.00','2012-02-29 14:30:28'),(949,64,'0.00','0.00','2012-02-29 14:35:47'),(950,64,'0.00','0.00','2012-02-29 14:44:26'),(951,64,'0.00','0.00','2012-02-29 14:44:54'),(952,64,'0.00','0.00','2012-02-29 14:47:08'),(953,64,'0.00','0.00','2012-02-29 14:50:29'),(954,64,'0.00','0.00','2012-02-29 14:50:35'),(955,64,'0.00','0.00','2012-02-29 14:53:19'),(956,64,'999.00','2.00','2012-02-29 14:55:39'),(957,63,'999.00','2.00','2012-02-29 14:55:41'),(958,62,'999.00','2.00','2012-02-29 14:55:43'),(959,64,'0.00','0.00','2012-02-29 15:32:41'),(960,62,'0.00','0.00','2012-02-29 15:32:45'),(961,63,'0.00','0.00','2012-02-29 15:32:52'),(962,62,'0.00','0.00','2012-02-29 15:33:18'),(963,64,'999.00','0.00','2012-02-29 15:34:36'),(964,63,'999.00','0.00','2012-02-29 15:34:37'),(965,60,'1000.00','0.00','2012-02-29 15:34:38'),(966,62,'999.00','0.00','2012-02-29 15:34:40'),(967,60,'999.00','0.00','2012-02-29 17:44:04'),(968,60,'0.00','0.00','2012-02-29 18:04:40');
/*!40000 ALTER TABLE `star_failed_account_master` ENABLE KEYS */;
UNLOCK TABLES;

--
-- Table structure for table `user_master`
--

DROP TABLE IF EXISTS `user_master`;
/*!40101 SET @saved_cs_client     = @@character_set_client */;
/*!40101 SET character_set_client = utf8 */;
CREATE TABLE `user_master` (
  `USER_ID` bigint(20) NOT NULL AUTO_INCREMENT,
  `USER_TYPE` tinyint(4) DEFAULT '0',
  `USER_NAME` varchar(32) CHARACTER SET latin1 DEFAULT NULL,
  `PASSWORD` varchar(128) CHARACTER SET latin1 DEFAULT NULL,
  `EMAIL` varchar(64) CHARACTER SET latin1 NOT NULL,
  `REGISTRATION_DATE` date NOT NULL,
  `AKEY` varchar(128) CHARACTER SET latin1 NOT NULL,
  `STATUS` tinyint(4) NOT NULL,
  `LAST_LOGIN` datetime DEFAULT NULL,
  `IPADDRESS` varchar(32) CHARACTER SET latin1 DEFAULT NULL,
  `AGENTID` varchar(128) CHARACTER SET latin1 DEFAULT NULL,
  `ROOMID` int(11) DEFAULT '0',
  `BAN_UNTILL` datetime DEFAULT '0000-00-00 00:00:00',
  `user_note` text COLLATE latin1_general_cs NOT NULL,
  `newsletter` int(1) NOT NULL DEFAULT '1',
  `CHAT_STATUS` tinyint(4) DEFAULT '1',
  `IGNORED_USERS` text COLLATE latin1_general_cs,
  PRIMARY KEY (`USER_ID`)
) ENGINE=InnoDB AUTO_INCREMENT=1541 DEFAULT CHARSET=latin1 COLLATE=latin1_general_cs;
/*!40101 SET character_set_client = @saved_cs_client */;

--
-- Dumping data for table `user_master`
--

LOCK TABLES `user_master` WRITE;
/*!40000 ALTER TABLE `user_master` DISABLE KEYS */;
INSERT INTO `user_master` VALUES (1,0,'myglobalgames','f2247715a289145973fd2b2301f3b2662ecef176','myglobalgames@myglobalgames.es','2010-09-28','',1,'2011-05-30 06:17:14','145.53.64.194','3749',0,'1111-11-11 11:11:11','',1,1,''),(6,0,'globalgamessalasonli','215b2a4425c23a20a108be36f44a03341dd784c6','globalgamessalasonline@globalgamessalasonline.com','2010-09-30','',1,'2011-05-30 06:18:32','145.53.64.194','3750',0,'1111-11-11 11:11:11','',1,1,''),(7,0,'globalgamessalas','7abec7494325a41414cce95bc844d23bbe8363e0','globalgamessalas@globalgamessalas.com','2010-09-30','',1,'2011-05-30 06:19:49','145.53.64.194','3767',0,'1111-11-11 11:11:11','',1,1,''),(8,0,'globalgamesonline','e2478dc309e9cf39c93cb87760775c54c1f0dba1','globalgamesonline@globalgamesonline.com','2010-09-30','',1,NULL,'145.53.64.194','3766',0,'1111-11-11 11:11:11','',1,1,''),(9,0,'globalgamesjugar','426610313050496e191332df49f1a6cc47cf2a82','globalgamesjugar@globalgamesjugar.com','2010-09-30','',1,'2011-05-30 06:38:56','145.53.64.194','3765',0,'1111-11-11 11:11:11','',1,1,''),(10,0,'globalgamesgratis','826eba824148aaa25e3bc2972b092a788ad441af','globalgamesgratis@globalgamesgratis.com','2010-09-30','',1,NULL,'145.53.64.194','3764',0,'1111-11-11 11:11:11','',1,1,''),(11,0,'globalgamescartones','25d13f994a740c90ce2ed0bb52491c0300aca072','globalgamescartones@globalgamescartones.com','2010-09-30','',1,NULL,'145.53.64.194','3763',0,'1111-11-11 11:11:11','',1,1,''),(12,0,'globalcasinosalasonl','599831c5a792a749dc9dca0207e3d698790e3a7b','globalcasinosalasonline@globalcasinosalasonline.com','2010-09-30','',1,NULL,'145.53.64.194','3762',0,'1111-11-11 11:11:11','',1,1,''),(13,0,'globalcasinosalas','c9231b425dc15f038608bf47416f13af4c6ea6e1','globalcasinosalas@globalcasinosalas.com','2010-09-30','',1,NULL,'145.53.64.194','3761',0,'1111-11-11 11:11:11','',1,1,''),(14,0,'globalcasinoonline','658c5d2edc415d892e5964fd8c37e170921fa94c','globalcasinoonline@globalcasinoonline.com','2010-09-30','',1,NULL,'145.53.64.194','3760',0,'1111-11-11 11:11:11','',1,1,''),(15,0,'globalcasinojugar','33939d68a1d5fa27a70071b16831afddf89d2089','globalcasinojugar@globalcasinojugar.com','2010-09-30','',1,NULL,'145.53.64.194','3759',0,'1111-11-11 11:11:11','',1,1,''),(16,0,'globalcasinogratis','afd023db808f5b0975a7479c1ad0f76e45fea624','globalcasinogratis@globalcasinogratis.com','2010-09-30','',1,NULL,'145.53.64.194','3758',0,'1111-11-11 11:11:11','',1,1,''),(17,0,'globalcasinocartones','eb0486ade443abac0ab50ce18da1edc1d1051917','globalcasinocartones@globalcasinocartones.com','2010-09-30','',1,NULL,'145.53.64.194','3757',0,'1111-11-11 11:11:11','',1,1,''),(18,0,'globalbingosalasonli','eefd9a509798803717dae1d5f438e785013e7556','globalbingosalasonline@globalbingosalasonline.com','2010-09-30','',1,NULL,'145.53.64.194','3756',0,'1111-11-11 11:11:11','',1,1,''),(19,0,'globalbingosalas','7c8ec0b616a684f8de002a525cc395ba32fd9957','globalbingosalas@globalbingosalas.com','2010-09-30','',1,NULL,'145.53.64.194','3755',0,'1111-11-11 11:11:11','',1,1,''),(20,0,'globalbingoonline','873076ae096d28b18c18d2a98ffbdab8dbd3e578','globalbingoonline@globalbingoonline.com','2010-09-30','',1,NULL,'145.53.64.194','3768',0,'1111-11-11 11:11:11','',1,1,''),(21,0,'globalbingojugar','91ea0f1b328494008ab6e87a29e92d534ec74123','globalbingojugar@globalbingojugar.com','2010-09-30','',1,NULL,'145.53.64.194','3754',0,'1111-11-11 11:11:11','',1,1,''),(22,0,'globalbingogratis','19aa2a4d956a4a413bbdd5512db3d197aa94ab4c','globalbingogratis@globalbingogratis.com','2010-09-30','',1,NULL,'145.53.64.194','3753',0,'1111-11-11 11:11:11','',1,1,''),(23,0,'globalbingocartones','decccfd6e1ac66cffa262569f6ccd2b6791c005e','globalbingocartones@globalbingocartones.com','2010-09-30','',1,NULL,'145.53.64.194','3752',0,'1111-11-11 11:11:11','',1,1,''),(24,0,'bingokings','3c6103664343013bff8a9ed33c03e703edfd0f66','bingokings@bingokings.com','2010-09-30','',1,NULL,'145.53.64.194','3751',0,'1111-11-11 11:11:11','',1,1,''),(25,0,'danielglobalgames','e5e9fa1ba31ecd1ae84f75caaa474f3a663f05f4','danielrepullo@hotmail.com','2010-10-04','',1,NULL,'87.215.197.197','3749',0,'1111-11-11 11:11:11','',1,1,''),(26,0,'lucyglobalgames','e5e9fa1ba31ecd1ae84f75caaa474f3a663f05f4','lucyhelp@hotmail.com','2010-10-04','',1,NULL,'87.215.197.197','3749',0,'1111-11-11 11:11:11','',1,1,''),(27,0,'grillo','cfe19815c2607a05694e7df0b8aeb32d4bdf1e54','santo_grillo@hotmail.com','2010-10-04','',1,NULL,'81.36.194.176','3760',0,'1111-11-11 11:11:11','',1,1,''),(28,0,'LIDIA','ba8cbfe0b198179eb8230d4ef3d4b973c5d9dc4e','BICHA-83@HOTMAIL.COM','2010-10-05','',1,NULL,'89.141.117.47','3751',0,'1111-11-11 11:11:11','',1,1,''),(29,0,'Juanito','8fe477ea37af1cdc1d69cecb6bbb6301e35e7984','jiolmo@hotmail.es','2010-10-05','',1,NULL,'178.139.25.9','3751',0,'1111-11-11 11:11:11','',1,1,''),(30,0,'asalatti','fa67ed9cce1e4dafb31dd7418fe9bbe1b045d6e1','albanosalatti@hotmail.com','2010-10-07','',1,NULL,'212.106.251.176','3751',0,'1111-11-11 11:11:11','',1,1,''),(31,0,'Raqkela','1b95be9da36d120b779ead2fdde953b10ce189c0','rakel_lopez_mora@hotmail.com','2010-10-07','',1,NULL,'87.223.103.36','3751',0,'1111-11-11 11:11:11','',1,1,''),(32,0,'volution','e65731c65f1627988231b52aff884f61e70fbcfc','luisjavi@wanadooadsl.net','2010-10-07','',1,NULL,'87.220.51.93','3751',0,'1111-11-11 11:11:11','',1,1,''),(33,0,'janillo80','550d03e25c0c12210ab9daec7464f2b72b514fdb','vicur80@hotmail.com','2010-10-07','',1,NULL,'82.159.228.132','3751',0,'1111-11-11 11:11:11','',1,1,''),(34,0,'monicavalenzuela','5c06f385091ac8abb130bae9163faa2a9d9aaca3','monicavalenzuelae@hotmail.com','2010-10-09','',1,NULL,'190.45.13.39','3751',0,'1111-11-11 11:11:11','',1,1,''),(35,0,'teniente_dan','c014dc8571ab990788b55473b4b9fcfda15e1607','skamawow@gmail.com','2010-10-10','',1,NULL,'81.38.97.168','3760',0,'1111-11-11 11:11:11','',1,1,''),(36,0,'DanielRG','bb68ef6d926981e9b56aee3e2597a0ef04ae1f88','no.mal.muymal@gmail.com','2010-10-17','',1,NULL,'87.223.70.73','3751',0,'1111-11-11 11:11:11','',1,1,''),(37,0,'linlulop','cc6fab3857559819dd62a15754cbb4425c14d767','ayudamedios7@hotmail.com','2010-10-19','',1,NULL,'186.24.17.1','3751',0,'1111-11-11 11:11:11','',1,1,''),(38,0,'agente99','90befb7388b12fff505f02423ab27696ea83097d','agente_noventaynueve@hotmail.com','2010-10-29','',1,NULL,'83.40.142.233','3751',0,'1111-11-11 11:11:11','',1,1,''),(39,0,'MiQi','8f98e9a82bd26865818652db93acb1aeba26d0fd','miguelito_el@hotmail.com','2010-11-01','',1,NULL,'88.29.87.240','3751',0,'1111-11-11 11:11:11','',1,1,''),(40,0,'hansglobalgames','91ea0f1b328494008ab6e87a29e92d534ec74123','acasa@telefonica.net','2010-11-04','',4,NULL,'87.215.197.197','3754',0,'1111-11-11 11:11:11','',1,1,''),(41,0,'pekkita','4694c6087f568151a105d90c753bffc4ad218478','jary_chik_@hotmail.com','2010-11-19','',0,NULL,'201.223.76.235','3751',0,'1111-11-11 11:11:11','',1,1,''),(42,0,'mati35','105af660ca570c071c4eb6e337b9a16dcd982a3a','brujita_35@live.com','2010-11-26','',0,NULL,'79.152.64.231','3751',0,'1111-11-11 11:11:11','',1,1,''),(43,0,'stephany','c2e0a0b5dce0486266b298ccaadf2cccbf8a7124','stephany_tua@hotmail.com','2010-11-29','',1,NULL,'186.90.108.1','3751',0,'1111-11-11 11:11:11','',1,1,''),(52,0,'lsremarknv','eeb12e1a9d5072d13bb5239c91aa4a1d4534714d','aszibimkdacsmonsirkrq312@sixbj.info','2010-12-30','',0,NULL,'86.3.109.202','3749',0,'1111-11-11 11:11:11','',1,1,''),(53,0,'monica','ce7f0efa84d5b122cceeda32179701b5c88d9fb8','pillina1983@hotmail.com','2010-12-31','',0,NULL,'79.149.69.228','3751',0,'1111-11-11 11:11:11','',1,1,''),(54,0,'939_Download_December_Boys','e9551fd564a1a560604e2c477840e680b4f60185','939ownloadecemberoys@serv.dyndns-mail.com','2011-01-03','',1,NULL,'91.212.226.195','3749',0,'1111-11-11 11:11:11','',1,1,''),(55,0,'yohanna11','6cf146338108eed8034ed6cacf1cefae5d9e322e','yohanna32@gmail.com','2011-01-05','',1,NULL,'151.81.142.193','3751',0,'1111-11-11 11:11:11','',1,1,''),(56,0,'DalFearly','7c222fb2927d828af22f592134e8932480637c0d','embomaday@gmail.com','2011-01-08','',0,NULL,'91.212.226.217','3749',0,'1111-11-11 11:11:11','',1,1,''),(57,0,'Patry','3ea62a5c617d7ddf74e18ef0ccf67dd4a9c4eee2','p_zarazaga@hotmail.com','2011-01-10','',1,NULL,'83.138.219.211','3751',0,'1111-11-11 11:11:11','',1,1,''),(58,0,'sdazczsdfcssdfsdfssdfdfdfdf','549dee8bb18b18c908fc1ec8ffb5d9357b7d167a','sdsdffzdfdsxsddffddfdffsdfdrik@gmail.com','2011-01-13','',0,NULL,'95.134.152.200','3749',0,'1111-11-11 11:11:11','',1,1,''),(59,1,'dwij1','dwij1','myglobalgames@myglobalgames.es','2010-09-28','',-1,'2012-02-28 12:28:01','145.53.64.194','3749',0,'2010-07-24 10:10:10','',1,0,''),(60,0,'dwij2','dwij2','globalgamessalasonline@globalgamessalasonline.com','2010-09-30','',1,'2012-02-29 18:04:35','145.53.64.194','3750',0,'1111-11-11 11:11:11','',1,0,'dwij3,DWIJ1,'),(62,0,'vip1','vip1','globalgamesonline@globalgamesonline.com','2010-09-30','',1,'2012-02-29 15:33:28','145.53.64.194','3766',0,'1111-11-11 11:11:11','',1,1,''),(63,0,'vip2','vip2','globalgamesjugar@globalgamesjugar.com','2010-09-30','',1,'2012-02-29 15:33:40','145.53.64.194','3765',0,'1111-11-11 11:11:11','',1,1,''),(64,0,'vip3','vip3','globalgamesgratis@globalgamesgratis.com','2010-09-30','',1,'2012-02-29 15:33:32','145.53.64.194','3764',0,'1111-11-11 11:11:11','',1,1,'dwij2,vip2,vip1,'),(65,0,'rupa','rupa','globalgamescartones@globalgamescartones.com','2010-09-30','',1,'2011-06-08 02:21:19','145.53.64.194','3763',0,'1111-11-11 11:11:11','',1,1,''),(1540,1,'opamart','opamart','globalgamessalas@globalgamessalas.com','2010-09-30','',1,'2011-08-25 18:22:30','145.53.64.194','3767',0,'1111-11-11 11:11:11','',1,1,'');
/*!40000 ALTER TABLE `user_master` ENABLE KEYS */;
UNLOCK TABLES;
/*!40103 SET TIME_ZONE=@OLD_TIME_ZONE */;

/*!40101 SET SQL_MODE=@OLD_SQL_MODE */;
/*!40014 SET FOREIGN_KEY_CHECKS=@OLD_FOREIGN_KEY_CHECKS */;
/*!40014 SET UNIQUE_CHECKS=@OLD_UNIQUE_CHECKS */;
/*!40101 SET CHARACTER_SET_CLIENT=@OLD_CHARACTER_SET_CLIENT */;
/*!40101 SET CHARACTER_SET_RESULTS=@OLD_CHARACTER_SET_RESULTS */;
/*!40101 SET COLLATION_CONNECTION=@OLD_COLLATION_CONNECTION */;
/*!40111 SET SQL_NOTES=@OLD_SQL_NOTES */;

-- Dump completed on 2012-02-29 18:05:59
